id,title,type,open_year,rate,running_time,genre1,genre2,genre3,actor,director,summary
0,모가디슈,Movie,2021,7.9,2시간 1분,드라마,액션,스릴러,"Kim Yoon-seok, Jo In-sung, Heo Joon-ho, Kim So-jin, Jeong Man-sik, Koo Kyo-hwan",Ryoo Seung-wan,"유엔 가입을 위해 다수의 투표권을 지닌 아프리카 대륙에서 열심히 외교 활동을 벌이던 1990년. 소말리아의 수도 모가디슈에서도 남북의 외교전은 불이 붙는다. 한신성 주소말리아 한국 대사(김윤석)와 안기부 출신의 강대진 참사관(조인성), 북한의 림용수 대사(허준호)와 태준기 참사관(구교환)은 함정을 파거나 거짓 정보를 흘려가며 서로를 견제한다. 한편 소말리아의 상황은 불안하기 그지없다. 부패한 독재정권을 몰아내려는 반군과 정부군의 대치는 1990년 12월 30일 반군이 수도 모가디슈에 입성하면서 내전으로 번진다. 통신은 물론 항공편마저 끊겨 아수라장이 된 모가디슈. 북한 대사관 사람들은 반군의 공격으로 갈 곳을 잃고, 한신성 대사는 도움을 요청한 북한 사람들을 관저로 들이는데..."
1,베놈,Movie,2018,7.8,1시간 52분,액션,SF,스릴러,"Tom Hardy, Michelle Williams, Riz Ahmed, Scott Haze, Reid Scott, Jenny Slate",Ruben Fleischer,진실을 위해서라면 몸을 사리지 않고 사회의 부조리를 취재하는 정의로운 열혈 기자 에디 브록. 거대 기업 라이프 파운데이션의 생체실험에 의혹을 품고 뒤를 쫓던 그는 이들의 사무실에 잠입했다가 실험실에서 외계 생물체 심비오트의 기습 공격을 받게 된다. 심비오트가 숙주의 몸과 정신을 지배할 때 능력을 발휘하는 베놈은 에디의 몸에 기생하며 갖가지 소동을 일으킨다. 한편 비밀리에 인간과 심비오트를 결합해 새로운 생명체를 만들려는 시도를 계속하던 라이프 파운데이션의 회장 드레이크 또한 심비오트의 숙주가 된다.
2,스파이더맨,Movie,2002,8.4,2시간 1분,판타지,로맨스,액션,"Tobey Maguire, Willem Dafoe, Kirsten Dunst, James Franco, Rosemary Harris, J.K. Simmons",Sam Raimi,"평범하고 내성적인 고등학생 피터 파커는 우연히 방사능에 감염된 거미에 물린다.그 후, 피터는 손에서 거미줄이 튀어 나오고 벽을 기어 오를 수 있는 거미와 같은 능력을 갖게 된다. 다가오는 위험을 본능적으로 감지하는 초감각과 엄청난 파워를 소유하게 된 것이다. 피터는 짝사랑하던 메리 제인의 관심을 끌기 위해 멋진 스포츠카를 구입하는데 초능력을 처음 사용한다. 그러다 사랑하는 벤 아저씨의 죽음을 계기로 그 힘을 악의 세력에 대항하는데 쓰기로 결심한다. 한편 피터의 절친 해리 오스본의 아버지인 노만은 실험 도중 가스에 중독되어 악의 화신 그린 고블린으로 변하는데..."
3,스파이더맨: 뉴 유니버스,Movie,2018,9.5,1시간 57분,코미디,애니메이션,액션,"Bob Persichetti, , , , Shameik Moore, Jake Johnson",Rodney Rothman,"평범한 10대 마일스 모랄레스는 우연히 방사능 거미에 물려 스파이더맨 능력을 가지게 된다. 혼란스러워하던 마일스는 악당과 싸우고 있는 피터 파커를 마주치게 되고 피터 파커는 마일스가 자신과 같은 능력을 가지고 있음을 직감한다. 여러 개의 평행세계가 존재한다는 것을 알게 된 마일스와 피터 파커는 이후 스파이더우먼 스파이더 그웬, 스파이더맨 누아르, 스파이더햄 등 평행세계 속 공존하는 모든 스파이더맨들을 만나게 되는데... 하나의 유니버스에서 만나 팀을 결성한 스파이더맨들은 과연 세계를 구할 수 있을까?"
4,스파이더맨: 홈커밍,Movie,2017,8.6,2시간 13분,액션,SF,드라마,"Tom Holland, Michael Keaton, Robert Downey Jr., Marisa Tomei, Jon Favreau, Gwyneth Paltrow",Jon Watts,"토니 스타크의 제안을 받고 시빌 워에 참여한 피터 파커는 다음 임무가 언제일지 설렘을 안고 하루하루를 보낸다. 토니는 MIT 진학 준비에 전념할 것을 권하지만 친절한 이웃에 머무는 것은 피터의 성에 차지 않는다. 한편 어벤져스 군단과 외계 세력의 전투로 생긴 산업폐기물을 처리하던 아드리안 툼즈는 그 일이 토니 스타크와 정부에 넘어가면서 하루아침에 빈털터리가 된다. 이에 앙심을 품은 아드리안은 외계 첨단무기를 훔쳐서 개조하는 빌런이 되고, 그의 존재를 알게 된 피터는 도움을 빌리지 않고 자기가 일을 해결해보려고 한다."
5,파워 오브 도그,Movie,2021,7.7,2시간 6분,드라마,로맨스,서부,"Benedict Cumberbatch, Kirsten Dunst, Jesse Plemons, Kodi Smit-McPhee, Thomasin McKenzie, Frances Conroy",Jane Campion,"사람들을 억누르면서도 사람들을 끌어당기는 묘한 매력의 목장주. 그의 동생이 새로운 부인과 아들을 집으로 데려오자, 그들을 잔인하게 조롱하고 괴롭힌다. 예상치 못한 일이 그곳을 덮칠 때까지."
6,돈 룩 업,Movie,2021,8.3,2시간 18분,드라마,코미디,SF,"Jennifer Lawrence, Leonardo DiCaprio, Meryl Streep, Cate Blanchett, Rob Morgan, Jonah Hill",Adam McKay,"천문학과 대학원생 케이트 디비아스키(제니퍼 로렌스)와 담당 교수 랜들 민디 박사(레오나르도 디카프리오)는 태양계 내의 궤도를 돌고 있는 혜성이 지구와 직접 충돌하는 궤도에 들어섰다는 엄청난 사실을 발견한다. 하지만 지구를 파괴할 에베레스트 크기의 혜성이 다가온다는 불편한 소식에 아무도 신경 쓰지 않는다. 지구를 멸망으로 이끌지도 모르는 소식을 사람들에게 알리기 위해 언론 투어에 나선 두 사람, 혜성 충돌에 무관심한 대통령 올리언(메릴 스트립)과 그녀의 아들이자 비서실장 제이슨(조나 힐)의 집무실을 시작으로 브리(케이트 블란쳇)와 잭(타일러 페리)이 진행하는 인기 프로그램 출연까지 이어가지만 성과가 없다. 혜성 충돌까지 남은 시간은 단 6개월, 24시간 내내 뉴스와 정보는 쏟아지고 사람들은 소셜미디어에 푹 빠져있는 시대이지만 정작 이 중요한 뉴스는 대중의 주의를 끌지 못하는데..."
7,스파이더맨: 파 프롬 홈,Movie,2019,8.6,2시간 9분,SF,액션,코미디,"Tom Holland, Samuel L. Jackson, Jake Gyllenhaal, Marisa Tomei, Jon Favreau, Zendaya",Jon Watts,"어벤져스 멤버들과 타노스와의 대접전을 마친 뒤, 지난 5년 동안 사라졌던 사람들이 동시에 돌아왔다. 아이언맨이 떠난 채 한동안 지구를 구할 히어로가 공석인 상황을 수습할 히어로는 현재 스파이더맨 피터 파커뿐이다. 친구들과의 유럽 현장학습 도중 닉 퓨리의 부름을 받게 된 피터는 미스테리오라는 정체 모를 히어로와 힘을 합쳐 엘리멘탈이라는 괴생명체를 무찔러야 하는 상황에 처한다. 그런데 피터는 지구를 구하는 일보다 MJ에게 멋지게 고백할 계획이 우선인데..."
8,어메이징 스파이더맨,Movie,2012,7.9,2시간 11분,판타지,액션,SF,"Andrew Garfield, Emma Stone, Rhys Ifans, Denis Leary, Martin Sheen, Sally Field",Marc Webb,"어릴적 사라진 부모 대신 삼촌 내외와 살고 있는 피터 파커는 평범한 학교 생활을 하며 일상을 보내고, 같은 학교 학생 그웬 스테이시와 첫사랑에 빠져 우정과 사랑, 그리고 둘 만의 비밀을 키워나간다. 어느 날 아버지가 사용했던 가방을 발견하고 부모님의 실종사건에 대한 의심을 품게 된 그는 숨겨져 왔던 과거의 비밀을 추적하게 된다. 아버지의 옛 동료 코너스 박사의 실험실을 찾아가게 된 피터는 우연한 사고로 특별한 능력을 갖게 되고, 피터의 도움으로 연구를 완성한 코너스 박사는 자신의 숨겨진 자아인 악당 리자드를 탄생시키는데..."
9,더 플랫폼,Movie,2019,7.8,1시간 34분,공포,SF,스릴러,"Iván Massagué, Antonia San Juan, Zorion Eguileor, Emilio Buale, Alexandra Masangkay, Zihara Llana",Galder Gaztelu-Urrutia,30일마다 랜덤으로 레벨이 바뀌는 극한 생존의 수직 감옥 플랫폼. 최상위 레벨 0에서 아래로 내려갈수록 음식도 인간성도 바닥나는데…
10,인질,Movie,2021,8.1,1시간 34분,스릴러,액션,,"Hwang Jung-min, Kim Jae-bum, Lee Yoo-mi, Ryu Kyung-soo, Lee Ho-jung, Cho Gyeong-hyeon",Pil Gam-seong,"평소와 똑같던 어느 새벽, 서울 한복판에서 증거도, 목격자도 없이 대한민국 톱배우 '황정민'이 납치된다. 한 치 앞을 알 수 없는 상황 속 살기 위한 극한의 탈주가 시작되는데… 관객들을 사로잡을 리얼리티 액션스릴러가 온다!"
11,스파이더맨 2,Movie,2004,8.3,2시간 7분,판타지,SF,액션,"Tobey Maguire, Kirsten Dunst, James Franco, Alfred Molina, Rosemary Harris, J.K. Simmons",Sam Raimi,"우연한 사고로 특별한 능력을 갖게된 피터 파커는 대학생과 슈퍼 히어로의 신분을 오가며 짜릿한 생활을 하지만 사랑 하는 메리 제인에게조차 자신의 마음을 열 수 없는 현실은 그들을 안타까운 로맨스로 이끈다. 한편 스파이더맨에게 아버지를 잃고 복수심에 불타는 피터의 친구 해리가 연구 중 폭발로 기계촉수와 엄청난 파워를 갖게된 닥터 옥토퍼스에게 뿌리치지 못할 제안을 하면서 도시 전체가 걷잡을 수 없는 위험에 휘말리게 되고, 스파이더맨의 운명은 점차 예측불가능한 상황으로 전개되는데..."
12,프라미싱 영 우먼,Movie,2020,8.3,1시간 53분,범죄,드라마,스릴러,"Carey Mulligan, Bo Burnham, Alison Brie, Clancy Brown, Jennifer Coolidge, Laverne Cox",Emerald Fennell,7년 전 의대를 중퇴하고 카페에서 일하는 카산드라는 남성이 몸을 가누기 힘들어하는 자신에게 접근해 합의되지 않은 성관계를 시도하려고 할 때 다시 취하지 않은 모습으로 돌아와 남성을 혼란에 빠뜨리고 밖으로 나와 버린다. 그가 이런 위험한 연극을 반복해온 데는 이유가 있다. 그 사연은 우연히 가게에 라이언이 방문해 카산드라에게 데이트를 신청하면서 점점 수면 위로 떠오른다.
13,어메이징 스파이더맨 2,Movie,2014,7.7,2시간 32분,판타지,액션,코미디,"Andrew Garfield, Emma Stone, Jamie Foxx, Dane DeHaan, Colm Feore, Felicity Jones",Marc Webb,"스파이더맨의 삶에 완전히 적응한 피터 파커는 거미줄로 뉴욕을 활강하며 위험에 처한 시민들을 구해주고 사랑하는 연인 그웬과 데이트를 즐기며 행복하게 살아간다. 그러던 어느 날, 스파이더맨의 열렬한 팬이자 오스코프사의 전기 엔지니어인 맥스는 작업 중 치명적인 사고로 자신에게 엄청난 능력이 생긴 것을 발견한다. 하지만 이 능력으로 인해 뉴욕을 마비시킨 대규모 정전사태가 발생하고 사태를 해결하기 위해 나선 자신의 영웅 스파이더맨에게 공격을 당하자 배신감을 느끼고 분노하는데..."
14,"틱, 틱... 붐!",Movie,2021,8.7,2시간 1분,드라마,,,"Andrew Garfield, Alexandra Shipp, Robin de Jesús, Vanessa Hudgens, Joshua Henry, Jonathan Marc Sherman",Lin-Manuel Miranda,"뉴욕시에서 식당 웨이터로 일하는 한편, 명작을 쓰겠다는 희망으로 창작에 매진하는 뮤지컬 작곡가. 서른 살 생일과 중요 공연을 앞두고 심적 압박을 받는 상황에서도 사랑과 우정을 헤쳐나간다."
16,레이니 데이 인 뉴욕,Movie,2019,6.9,1시간 32분,코미디,로맨스,,"Timothée Chalamet, Elle Fanning, Selena Gomez, Jude Law, Diego Luna, Liev Schreiber",Woody Allen,"개츠비와 애슐리는 대학에서 함께 신문을 제작하다 연인으로 발전했다. 애슐리는 곧 새 영화를 발표할 롤란 폴라드 감독의 인터뷰를 맡게 되었고, 인터뷰가 끝난 후 근사한 데이트를 할 계획으로 두 사람은 함께 뉴욕으로 향한다. 인터뷰 도중 롤란 폴라드 감독은 애슐리에게 자신의 신작을 보여주겠다는 제안을 하는데 관람 도중 자신의 영화가 마음에 들지 않는다며 뛰쳐나간다. 당황한 애슐리는 그의 동료 테드와 함께 감독을 찾으러 나선다. 애슐리를 기다리던 개츠비는 영화를 촬영하던 친구와 우연히 마주치고, 갑작스레 그의 작품에 출연하게 된다."
18,기적,Movie,2021,7.3,1시간 57분,드라마,,,"Park Jeong-min, Yoona, Lee Sung-min, Lee Soo-kyung, Jung Moon-sung, Kim Kang-hoon",Lee Jang-hoon,"오갈 수 있는 길은 기찻길밖에 없지만 정작 기차역은 없는 마을, 준경의 목표는 단 하나, 바로 마을에 기차역이 생기는 것이다. 기차역은 어림없다는 원칙주의 기관사 아버지의 반대에도 마을에 남는 걸 고집하며 왕복 5시간 통학길을 오가는 준경. 그의 엉뚱함 속 비범함을 단번에 알아본 자칭 뮤즈 라희와 함께 오로지 기차역을 짓기 위한 준경만의 노력은 계속되는데..."
26,언포기버블,Movie,2021,8.4,1시간 52분,드라마,스릴러,범죄,"Sandra Bullock, Viola Davis, Vincent D'Onofrio, Jon Bernthal, Richard Thomas, Linda Emond",Nora Fingscheidt,살인죄로 복역 후 출소한 루스. 과거를 용서해주지 않는 냉담한 사회에서 고통받던 그녀는 오래전 헤어져야 했던 동생을 찾으러 나선다.
27,아이 씨 유,Movie,2019,7.7,1시간 38분,공포,스릴러,범죄,"Helen Hunt, Jon Tenney, Owen Teague, Judah Lewis, Libe Barer, Gregory Alan Williams",Adam Randall,"열 살 소년 실종 사건이 발생한 어느 교외 도시, 사건 담당 형사 그렉은 이 사건이 15년 전 일어났던 아동 연쇄 살인 사건과 관련이 있음을 직감한다. 한편, 불안 증세를 겪던 그렉의 아내 재키는 주변 물건이 사라지는 등 이상한 일들이 벌어지자 집 안에 누군가 숨어 있음을 눈치채게 되는데…"
28,스파이더맨 3,Movie,2007,7.4,2시간 19분,판타지,액션,SF,"Tobey Maguire, Kirsten Dunst, James Franco, Thomas Haden Church, Topher Grace, Bryce Dallas Howard",Sam Raimi,"대중의 사랑을 듬뿍 받으며 진정한 영웅으로 거듭난 스파이더맨, 피터 파커는 어느 날, 외계에서 온 수수께끼의 유기체인 심비오트에 감염되고 스파이더맨은 오리지날 스파이더맨에서 블랙 슈트 스파이더맨으로 변화한다. 한층 업그레이드 되고 강력해진 파워를 얻게 된 스파이더맨은 자신의 힘에 도취되어 마음껏 세상을 즐긴다. 그러나 아버지의 복수를 위해 뉴 고블린이 된 해리와 물리 실험에 노출되어 능력을 얻게 된 피터의 삼촌을 죽인 진범 샌드맨은 호시탐탐 스파이더맨을 노리는데..."
29,스노우 화이트,Movie,2019,5.8,1시간 52분,드라마,코미디,MadeinEurope,"Isabelle Huppert, Lou de Laâge, Vincent Macaigne, Charles Berling, Pablo Pauly, Richard Fréchette",Anne Fontaine,"아주 먼 옛날이 아닌 얼마 전 어느 날, 아름다운 미모를 지닌 ‘클레어’(루 드 라쥬)는 계모 ‘모드’(이자벨 위페르)와 함께 아버지가 유산으로 남긴 성 같은 호텔을 운영하고 있었어요. 어느 날 자신이 사랑하는 남자가 클레어에게 반했다는 사실을 알아챈 모드는 질투심에 사로잡혀 클레어를 없애버리기로 결심했어요. 계모의 흉계로 알프스의 어느 시골 마을로 쫓겨난 클레어는 그 곳에서 일곱 명의 남자를 만나며 진정한 자신을 깨닫게 되는데…"
30,노트북,Movie,2004,8.7,2시간 3분,드라마,로맨스,,"Rachel McAdams, Ryan Gosling, Gena Rowlands, James Garner, Sam Shepard, Joan Allen",Nick Cassavetes,"17살, 노아는 밝고 순수한 앨리를 보고 첫눈에 반한다. 빠른 속도로 서로에게 빠져드는 둘. 그러나 이들 앞에 놓인 장벽에 막혀 이별하게 된다. 24살, 앨리는 우연히 신문에서 노아의 소식을 접하고 잊을 수 없는 첫사랑 앞에서 다시 한 번 선택의 기로에 서게 되는데…"
32,쇼생크 탈출,Movie,1994,9.8,2시간 22분,드라마,범죄,,"Tim Robbins, Morgan Freeman, Bob Gunton, William Sadler, Clancy Brown, Gil Bellows",Frank Darabont,"촉망받는 은행 간부 앤디 듀프레인은 아내와 그녀의 정부를 살해했다는 누명을 쓴다. 주변의 증언과 살해 현장의 그럴듯한 증거들로 그는 종신형을 선고받고 악질범들만 수용한다는 지옥같은 교도소 쇼생크로 향한다. 인간 말종 쓰레기들만 모인 그곳에서 그는 이루 말할 수 없는 억압과 짐승보다 못한 취급을 당한다. 그러던 어느 날, 간수의 세금을 면제받게 해 준 덕분에 그는 일약 교도소의 비공식 회계사로 일하게 된다. 그 와중에 교도소 소장은 죄수들을 이리저리 부리면서 검은 돈을 긁어 모으고 앤디는 이 돈을 세탁하여 불려주면서 그의 돈을 관리하는데..."
33,러브 액츄얼리,Movie,2003,8.1,2시간 15분,코미디,드라마,로맨스,"Hugh Grant, Liam Neeson, Alan Rickman, Emma Thompson, Bill Nighy, Laura Linney",Richard Curtis,"크리스마스를 앞둔 런던, 다우닝가에 둥지를 튼 총리는 식음료 담당자 나탈리에게 호감을 가지며, 작가 제이미는 파출부 오렐리아에게 매력을 느낀다. 대니얼은 아내를 잃은 슬픔에 빠져 있고, 양아들 샘은 미국에서 온 조안나에게 잘 보이려고 고민 중이며, 총리의 여동생 캐런은 남편의 부정을 눈치챈다. 새라는 동료 칼을 짝사랑하며, 친구 피터와 줄리엣의 결혼을 접하는 마크의 표정은 우울하다. 여기에 마약중독에서 빠져나온 록 가수 빌리 맥, 미국 여자들과 즐기기 위해 미국행을 결심하는 콜린 등이 뒤얽히며 사랑의 갖가지 모습이 펼쳐진다."
34,캐롤,Movie,2015,8,1시간 59분,로맨스,드라마,MadeinEurope,"Rooney Mara, Cate Blanchett, Kyle Chandler, Sarah Paulson, Jake Lacy, John Magaro",Todd Haynes,"1950년대 뉴욕, 맨해튼 백화점 점원인 테레즈와 손님으로 찾아온 캐롤은 처음 만난 순간부터 거부할 수 없는 강한 끌림을 느낀다. 하나뿐인 딸을 두고 이혼 소송 중인 캐롤과 헌신적인 남자친구가 있지만 확신이 없던 테레즈, 각자의 상황을 잊을 만큼 통제할 수 없이 서로에게 빠져드는 감정의 혼란 속에서 둘은 확신하게 된다. 인생의 마지막에, 그리고 처음으로 찾아온 진짜 사랑임을…"
35,장고: 분노의 추적자,Movie,2012,9.1,2시간 45분,서부,드라마,,"Jamie Foxx, Christoph Waltz, Leonardo DiCaprio, Kerry Washington, Samuel L. Jackson, Walton Goggins",Quentin Tarantino,"흑인 노예 장고는 착한 사마리아인 같은 독일인 현금사냥꾼 닥터 킹의 도움을 받아 멋진 말을 타고 미국 평원을 달리며 헤어진 아내 브룸힐다를 찾아다니는 총잡이 낭만주의자로 변신한다. 그는 브룸힐다가 미시시피에서 가장 악독한 농장 캔디랜드의 노예로 일하고 있다는 소식을 듣고 농장주 캔디를 찾아간다. 아내를 구해야 하는 분노의 로맨티스트 장고, 그를 돕는 정의의 바운티 헌터 닥터 킹, 그리고 그들의 표적이 된 욕망의 마스터 캔디. 복수의 사슬이 풀리면, 세 남자의 피도 눈물도 없는 대결이 시작된다."
36,가려진 시간,Movie,2016,7.8,2시간 9분,판타지,드라마,,"Gang Dong-won, Shin Eun-soo, Lee Hyo-je, Kim Hee-won, Kwon Hae-hyo, Kim Dan-yul",Um Tae-hwa,"엄마를 잃은 후 새 아빠와 함께 화노도로 이사 온 수린. 자신만의 공상에 빠져 홀로 지내는 수린에게 성민이 먼저 다가온다. 둘만의 암호로, 둘만의 공간에서, 둘만 아는 추억을 쌓아가는 그들. 어느 날, 공사장 발파 현장을 구경하기 위해 친구들과 산으로 가고 그곳에서 모두가 실종된 채, 유일하게 수린만 돌아온다. 그리고 며칠 뒤, 자신이 성민이라는 남자가 수린 앞에 나타난다. ‘멈춰진 시간’에 갇혀 어른이 되었다는 성민. 수린만이 성민을 믿어주는 가운데 경찰과 마을 사람들은 의심을 거두지 못하고 성민은 쫓기는 상황에 이르게 되는데…"
37,이터널 선샤인,Movie,2004,9,1시간 48분,SF,드라마,로맨스,"Jim Carrey, Kate Winslet, Kirsten Dunst, Mark Ruffalo, Elijah Wood, Tom Wilkinson",Michel Gondry,"조엘은 아픈 기억만을 지워준다는 라쿠나사를 찾아가 헤어진 연인 클레멘타인의 기억을 지우기로 결심한다. 기억이 사라져 갈수록 조엘은 사랑이 시작되던 순간, 행복한 기억들, 가슴 속에 각인된 추억들을 지우기 싫어지기만 하는데... 당신을 지우면 이 아픔도 사라질까요? 사랑은 그렇게 다시 기억된다."
38,라라랜드,Movie,2016,8.7,2시간 8분,코미디,드라마,음악,"Ryan Gosling, Emma Stone, John Legend, Rosemarie DeWitt, J.K. Simmons, Amiée Conn",Damien Chazelle,"차들로 빽빽이 들어찬 LA의 고속도로. 거북이 걸음이던 도로가 뚫리기 시작하지만 미아 지금 손에 든 연기 오디션 대본을 놓지 못한다. 세바스찬은 경적을 누르며 미아를 노려보고는 사라진다. 악연의 시작. 이후 미아는 감미로운 피아노 선율에 이끌려 재즈바로 향하는데, 연주자가 바로 세바스찬이다. 미아가 세바스찬에게 인사를 건네려고 다가가던 순간은 하필 그가 재즈바의 레퍼토리를 무시하고 연주한 탓에 해고된 직후. 세바스찬은 인사를 건네려 다가온 미아를 쌩하니 스쳐 지나가버린다. 세 번째로 두 사람은 파티에 온 손님과 출장 밴드의 키보드 연주자로 다시 만나는데..."
39,애비규환,Movie,2020,6.8,1시간 50분,코미디,드라마,가족,"Krystal Jung, Jang Hye-jin, Choi Deok-moon, Shin Jae-hwi, Lee Hae-yeong, Kang Mal-geum",Choi Ha-na,"연하 남친 호훈과의 불꽃 사랑으로 임신을 하게 된 대학생 토일. 출산 후 5개년 계획까지 준비하며 결혼을 선언했지만, 돌아온 것은 “넌 대체 누굴 닮아 그 모양이냐”는 부모님의 호통뿐이다. 누굴 닮았는지 직접 확인하겠다며 찾은 친아버지는 기대와 달리 실망스럽기만 하고, 착잡한 마음으로 집으로 돌아오자마자 예비 아빠 호훈의 행방이 묘연해진다. 어색한 현아빠, 철없는 구아빠, 집 나간 예비 아빠까지! 첩첩산중 설상가상 그야말로 ‘애비규환’이로다!"
46,크루즈 패밀리: 뉴 에이지,Movie,2020,8.3,1시간 35분,판타지,액션,코미디,"Nicolas Cage, Emma Stone, Ryan Reynolds, Peter Dinklage, Leslie Mann, Kelly Marie Tran",Joel Crawford,"동굴을 떠나 새로운 거주지를 찾아 나선 크루즈 패밀리. 우여곡절 끝에 찾은 완벽한 트리 하우스에서 진화된 인류, 베터맨 패밀리와 마주한다. 도구를 사용하고 ‘집’에서 안전하게 살아가는 지능형 베터맨 패밀리와 맨손으로 사냥하고 자연과 함께 살아가는 본능형 크루즈 패밀리는 너무나도 다른 삶의 방식으로 사사건건 부딪힌다. 반면 처음으로 여자 사람친구를 만난 ‘이프’와 ‘던’은 가족들과 달리 우정을 쌓아가지만 점점 두 가족에게 예상치 못한 위협이 닥쳐오는데…"
47,그녀,Movie,2013,8.7,2시간 6분,SF,드라마,로맨스,"Joaquin Phoenix, Scarlett Johansson, Amy Adams, Rooney Mara, Olivia Wilde, Chris Pratt",Spike Jonze,"테오도르 다른 사람들의 편지를 대신 써주는 대필 작가로, 깊이 아꼈던 아내와 이혼 소송 중이다. 타인의 마음을 전해주는 일을 하고 있지만, 정작 테오도르 자신은 너무 외롭고 공허한 삶을 살고 있다. 그러던 어느 날, 스스로 생각하고 느끼는 인공 지능 운영체제인 사만다를 만나게 된다. 사만다는 따뜻한 목소리와 뛰어난 전산처리 능력을 통해 테오도르가 더 편안한 삶을 살 수 있도록 돕고, 테오도르는 자신의 육체를 통해 사만다가 더 많은 세계를 경험할 수 있도록 격려한다. 그렇게 둘은 직접적인 접촉보다 밀도 높은 정신적 교감을 나누는데…"
48,그래비티,Movie,2013,8.4,1시간 31분,드라마,판타지,음악,"Sandra Bullock, George Clooney, Ed Harris, Orto Ignatiussen, Phaldut Sharma, Amy Warren",Alfonso Cuarón,"허블 우주 망원경을 수리하기 위해 우주를 탐사하던 라이언 스톤 박사는 폭파된 인공위성의 잔해와 부딪히면서 우주 공간에 홀로 남겨진다. 탑승했던 왕복선은 파괴됐고 산소는 희박해져간다. 홀로 남겨졌다는 공포가 그녀를 휘감아 가던 순간, 그녀의 앞에 베테랑 동료 우주비행사인 매트 코왈스키가 구세주처럼 나타난다. 인공위성의 잔해가 지구를 한 바퀴 돌아 다시 덮쳐오기까지 걸리는 시간은 단 90분. 그 전에 그들은 우주 왕복선과 가까이 있는 ISS로 이동해서 소유즈를 활용해 지구로 귀환하기로 하는데..."
49,50가지 그림자: 해방,Movie,2018,6.5,1시간 45분,드라마,로맨스,스릴러,"Dakota Johnson, Jamie Dornan, Eric Johnson, Luke Grimes, Rita Ora, Eloise Mumford",James Foley,"모든 과거를 잊고 서로에게 더 깊게 빠져든 ‘크리스찬 그레이’와 ‘아나스타샤’. 그레이의 독특한 취향으로 시작된 이 비밀스러운 관계는 더 큰 자극을 원하는 아나스타샤로 인해 역전되고, 마침내 그녀의 본능이 지배하는 마지막 절정의 순간을 맞이하게 되는데…"
50,랑종,Movie,2021,7.6,2시간 11분,스릴러,공포,,"Narilya Gulmongkolpech, Sawanee Utoomma, Sirani Yankittikan, Yasaka Chaisorn, Boonsong Nakphoo, Arunee Wattana",Banjong Pisanthanakun,"태국 북동부 이산 지역의 시골 마을. 이곳 사람들은 집, 숲, 산, 나무, 논밭까지, 모든 것에 혼이 깃들어 있다고 믿는다. 대를 이어 조상신 바얀을 섬기는 랑종 님은 조카 밍의 상태가 심상치 않음을 직감한다. 랑종을 취재하기 위해 님과 동행하던 촬영팀은 신내림이 대물림되는 순간을 포착하기 위해, 밍과 님, 그리고 가족에게 벌어지는 미스터리한 현상을 카메라에 담기 시작한다."
51,비바리움,Movie,2019,6.6,1시간 37분,SF,공포,코미디,"Imogen Poots, Jesse Eisenberg, Eanna Hardwicke, Jonathan Aris, Senan Jennings, Molly McCann",Lorcan Finnegan,"함께 살 곳을 찾던 ‘톰’과 ‘젬마’. 중개인으로부터 ‘욘더’라는 독특한 마을의 9호 집을 소개받는다. 똑같은 모양의 주택들이 즐비한 곳에서 알 수 없는 기묘함에 사로잡힌 순간, 중개인은 사라져 버린다. 어떤 방향으로 향해도 집 앞에 다다르는 이곳에서 우리의 선택은 없다, 오직 살아갈 뿐!"
52,칠드런 액트,Movie,2018,7.3,1시간 45분,드라마,,,"Emma Thompson, Fionn Whitehead, Stanley Tucci, Ben Chaplin, Eileen Walsh, Nikki Amuka-Bird",Richard Eyre,"존경 받는 판사 피오나는 결혼생활의 위기를 맞은 가운데, 치료를 거부한 소년 애덤의 생사가 달린 재판을 맡게 된다. 이틀 안에 치료를 강행하지 않으면 목숨이 위태로운 상황에서 애덤의 진심을 확인하고 싶었던 피오나는 병원으로 직접 찾아가고, 그날의 만남은 두 사람의 삶에 예기치 않은 파장을 일으키는데……"
53,부서져 흩어지는 모습을 보여줄게,Movie,2021,8.3,2시간 7분,판타지,,,"Taishi Nakagawa, Anna Ishii, Kai Inowaki, Kaya Kiyohara, Airi Matsui, Takumi Kitamura",SABU,어디에나 있을 법한 고등학생 하마다 키요스미는 '학년에서 제일가는 극혐'이라 불리며 고립되어 있던 1학년 쿠라모토 하리를 집단 괴롭힘으로부터 구해내려한다. 키요스미는 하리의 사랑스러움과 마음의 아름다움을 깨닫는 것과 동시에 하리는 키요스미에게 감사와 동경의 마음을 품으며 두 사람의 마음의 거리를 좁혀간다. 하지만 하리에게는 누구에게도 말하지 못한 비밀을 가지고 있어 하리를 끝까지 지키려 하는 키요스미에게도 「엄청난 위험」이 닥쳐온다
54,용쟁호투,Movie,1973,8.3,1시간 42분,액션,범죄,드라마,"Bruce Lee, John Saxon, Jim Kelly, Sek Kin, Ahna Capri, Robert Wall",Robert Clouse,"미국 정보부에서는 헤로인을 밀조하고 인신매매까지 벌이는 한을 체포하기 위해, 소림사 출신의 무술인 리에게 도움을 청한다. 쿵푸학교로 위장된 한의 요새화된 섬에서 3년마다 열리는 무술대회에 출전하게 하는데, 누이동생의 죽음이 한과 관련이 있는 것을 알고 그들을 응징하기로 마음 먹는다. 섬에 도착한 무술인들 중에는 암흑조직에 쫒기는 로퍼와 가라데 선수로 경찰에 쫒기는 흑인 윌리암즈가 있었다. 리는 정보부에서 미리 침투시킨 메이 링과의 접선에 성공하고, 그녀로부터 섬의 여자들이 계속 실종되고 있다는 말을 듣고 야밤에 몰래 정탐을 하기로 계획하는데..."
59,로맨틱 홀리데이,Movie,2006,7.8,2시간 16분,로맨스,코미디,MadeinEurope,"Kate Winslet, Cameron Diaz, Jude Law, Jack Black, Eli Wallach, Edward Burns",Nancy Meyers,"새로운 인생을 위한 크리스마스 여행낯선 곳에서 운명적인 사랑이 시작된다!L.A에서 잘 나가는 영화예고편 제작회사 사장인 아만다(카메론 디아즈)는 아름다운 외모에 넘쳐나는 돈, 화려한 인맥 등 누가 봐도 성공한 여자다.부족할 것 없는 그녀에게도 골칫거리가 있었는데 그건 바로 맘처럼 되지 않는 연애문제.같은 회사에 근무하던 남자친구는 회사의 어린 직원과 바람이 나고, 그녀는 이 모든 상황이 끔찍하기만 하다.영국 전원의 예쁜 오두막집에 .."
60,에이리언: 커버넌트,Movie,2017,7.1,2시간 2분,공포,SF,스릴러,"Michael Fassbender, Katherine Waterston, Billy Crudup, Danny McBride, Demián Bichir, Carmen Ejogo",Ridley Scott,2천명의 승객과 12명의 승무원을 실은 커버넌트호는 새로운 행성의 개척과 이주를 위해 항해 중이다. 인공지능 로봇 월터가 홀로 깨어 승무원들의 건강을 관리하던 중 예기치 못한 사고로 선장이 사망하고 승무원들이 깨어난다. 이들은 커버넌트호를 정비하던 중 인근의 행성으로부터 알 수 없는 신호를 감지한다. 여행에 지친 승무원들은 다니엘스의 반대에도 불구하고 행성을 탐사하기로 결정한다. 이들은 정체불명의 생명체에 감염되어 위기에 빠지지만 10년 전 사라졌던 프로메테우스호의 인공지능 로봇 데이비드의 도움을 받아 상황을 모면하는데...
61,신들의 봉우리,Movie,2021,8.2,1시간 35분,스릴러,애니메이션,액션,"Éric Herson-Macarel, Damien Boisseau, Elisabeth Ventura, Lazare Herson-Macarel, Kylian Rehlinger, François Dunoyer",Patrick Imbert,"에베레스트를 처음 정복한 것은 누구인가? 실종된 위대한 산악인과 그가 남긴 진실을 찾아, 한 사진기자의 집요한 추적이 시작된다."
62,아이 필 프리티,Movie,2018,6.7,1시간 50분,로맨스,코미디,,"Amy Schumer, Michelle Williams, Tom Hopper, Rory Scovel",Abby Kohn,"뛰어난 패션센스에 매력적인 성격이지만 통통한 몸매가 불만인 ‘르네’ 하아.. 예뻐지기만 하면 뭐든 다 할 수 있을 것만 같다. 하늘에 온 마음을 담아 간절히 소원을 빌지만 당연히 달라지는 건 1%도 없고. 오늘도 헬스클럽에서 스피닝에 열중하는 ‘르네’! 집중! 또 집중! 난 할 수 있다! 예뻐질 수 있다..!!!
 그러나 과도한 열정은 오히려 독이 되는 법. 미친 듯이 페달을 밟다가 헬스 클럽 바닥에 내동댕이쳐져 머리를 부딪히고... 지끈지끈한 머리, 창피해서 빨개진 얼굴로 겨우 일어났는데 뭔가 이상하다!
 헐, 거울 속의 내가… 좀 예쁘다?! 드디어 소원성취한 ‘르네’의 참을 수 없는 웃음이 터진다!"
63,인터스텔라,Movie,2014,9.4,2시간 49분,드라마,SF,스릴러,"Matthew McConaughey, Anne Hathaway, Jessica Chastain, Ellen Burstyn, John Lithgow, Michael Caine",Christopher Nolan,"세계 각국의 정부와 경제가 완전히 붕괴된 미래가 다가온다. 지난 20세기에 범한 잘못이 전 세계적인 식량 부족을 불러왔고, NASA도 해체되었다. 나사 소속 우주비행사였던 쿠퍼는 지구에 몰아친 식량난으로 옥수수나 키우며 살고 있다. 거센 황사가 몰아친 어느 날 알 수 없는 힘에 이끌려 딸과 함께 도착한 곳은 인류가 이주할 행성을 찾는 나사의 비밀본부. 이 때 시공간에 불가사의한 틈이 열리고, 이 곳을 탐험해 인류를 구해야 하는 임무를 위해 쿠퍼는 만류하는 딸을 뒤로한 채 우주선에 탑승하는데..."
65,미드 90,Movie,2018,8.1,1시간 26분,드라마,코미디,,"Sunny Suljic, Katherine Waterston, Lucas Hedges, Na-kel Smith, Olan Prenatt, Gio Galicia",Jonah Hill,"1990년대 로스앤젤레스, 13살 스티비의 여름은 처음으로 뜨겁고 자유롭다. 그에게는 넘어져도 좋은 스케이트보드, 그리고 함께 일어서는 나쁜 친구들이 있다."
66,서치,Movie,2018,8.3,1시간 42분,스릴러,드라마,,"John Cho, Michelle La, Debra Messing, Joseph Lee, Sara Sohn, Briana McLean",Aneesh Chaganty,"목요일 저녁, 딸 마고에게 걸려온 부재중 전화 3통. 아빠 데이빗은 그 후 연락이 닿지 않는 딸이 실종됐음을 알게된다. 경찰의 조사는 본격적으로 시작되지만 결정적인 단서들이 나오지 않는 가운데, 실종된 날 밤 마고가 향하던 곳이 밝혀지며 새로운 사실들이 발견된다. 사건의 실마리를 찾은 곳은 다름 아닌 딸 마고의 노트북! 구글, 유튜브, 페이스북 등 SNS에서 상상조차하지 못한 딸의 진실이 펼쳐지는데…"
67,레드 노티스,Movie,2021,7.8,1시간 57분,스릴러,액션,코미디,"Dwayne Johnson, Ryan Reynolds, Gal Gadot, Ritu Arya, Chris Diamantopoulos, Ivan Mbakop",Rawson Marshall Thurber,"인터폴이 중범죄 피의자를 대상으로 내리는 전 세계적 경보인 레드 노티스. 세계 곳곳에서 지명 수배범을 추적하고 체포하는 것이 그 목적이다. 어느 날 초유의 도난 사건이 발생하고, 그로 인해 FBI 최고의 프로파일러(드웨인 존슨)가 라이벌 관계의 두 범죄자(갤 가돗, 라이언 레이놀즈)와 만나면서 모든 게 엇나가기 시작한다. 늘 한발 앞서 도망치는 사기꾼을 잡기 위해 그들은 어쩔 수 없이 싫어도 이를 악물고 힘을 합쳐야 한다. 이제 무슨 일이 일어날지 그 누구도 장담할 수 없다."
71,위대한 개츠비,Movie,2013,8.1,2시간 23분,로맨스,드라마,,"Leonardo DiCaprio, Tobey Maguire, Carey Mulligan, Joel Edgerton, Elizabeth Debicki, Isla Fisher",Baz Luhrmann,"1922년 뉴욕 외곽에서 살고 있는 닉은 호화로운 별장에 살고 있는 이웃 개츠비에게 관심을 갖게 된다. 제1차 세계대전에 참전한 후 옥스포드에서 공부한 적이 있다는 개츠비는 비밀이 가득한 의문의 사나이로, 토요일마다 떠들썩한 파티를 열어 많은 손님을 초대한다. 파티에서 개츠비와 우정을 쌓게 된 닉은 자신의 사촌 데이지와 개츠비가 연인 사이였던 것을 알게 된다. 데이지는 가난한데다 전쟁터에서도 돌아오지 않는 개츠비를 잊은 채 부유한 톰과 결혼한 상태. 하지만 톰은 정비공의 아내와 은밀한 사이였고, 개츠비와 재회하게 된 데이지는 잊혀졌던 사랑의 감정을 되살리는데..."
74,셔터 아일랜드,Movie,2010,9,2시간 18분,스릴러,드라마,,"Leonardo DiCaprio, Mark Ruffalo, Ben Kingsley, Emily Mortimer, Michelle Williams, Max von Sydow",Martin Scorsese,"보스턴 셔터아일랜드의 정신병원은 중범죄를 저지른 정신병자를 격리하는 병동으로 탈출 자체가 불가능하다. 하지만 자식 셋을 죽인 혐의를 받고 있는 여인이 이상한 쪽지만을 남긴 채 감쪽같이 사라지는 사건이 발생한다. 연방보안관 테디 다니엘스(레오나르도 디카프리오)는 수사를 위해 동료 척(마크 러팔로)과 함께 셔터아일랜드로 향한다. 테디는 수사를 위해 의사, 간호사, 병원관계자 등을 심문하지만 수사는 전혀 진척되지 않는다. 설상가상 폭풍이 불어 닥쳐 테디와 척은 섬에 고립되게 되고, 그들에게 점점 괴이한 일들이 일어나기 시작하는데..."
75,처음 만나는 자유,Movie,1999,8.1,2시간 7분,드라마,MadeinEurope,,"Winona Ryder, Angelina Jolie, Brittany Murphy, Clea DuVall, Elisabeth Moss, Whoopi Goldberg",James Mangold,"18살 난 수잔나 케이슨은 사회와의 괴리를 느끼고 우울증과 불면증에 시달린다. 어느날 두통 때문에 다량의 수면제를 복용한 그녀는 '자살 미수'로 판정되고 정신병원에 감금된다. 그곳에서 마약과 헤로인 복용으로 끊임없는 방황을 거듭하는 탈출의 귀재 리사를 만나고 그밖에 그녀보다 훨씬 심각한 정신상태에 놓인 소녀들을 만난다. 마음 속에 자기만의 비밀을 품고 있으면서 누구의 말에도 귀 기울이지 않는 수잔나와 리사는 차츰차츰 가까워지고 조금씩 자신의 모습을 드러낸다. 그들은 병원을 함께 탈출하기도 하나 다시 돌아온다. 이렇게 서로에게 없어서는 안되는 존재로 상처를 어루만져주던 두 사람에게 위기가 찾아오는데, 리사는 우연히 수잔나의 일기 속에 있는 또 다른 비밀을 발견한다. 수잔나가 일기에서 정신병원의 친구들에게 대해 솔직히 느낀 바를 적은 글이 문제되어 수잔나와 친구들은 다투게 되는데..."
76,디스트릭트 9,Movie,2009,8.5,1시간 53분,SF,스릴러,액션,"Sharlto Copley, Jason Cope, Nathalie Boltt, Sylvaine Strike, Elizabeth Mkandawie, John Sumner",Neill Blomkamp,"남아공 상공에 불시착한 외계인들은 요하네스버그 인근 지역 외계인 수용구역 ‘디스트릭트 9’에 임시 수용된 채 28년 동안 인간의 통제를 받게 된다. 외계인 관리국 MNU는 외계인들로 인해 무법지대로 변해버린 ‘디스트릭트 9’을 강제 철거하기로 결정하고, 프로젝트를 추진하던 중 책임자 비커스가 외계물질에 노출되는 사고를 당한다. 유전자 변이를 일으키면서 외계인으로 변해가는 비커스. 정부는 비커스가 외계 신무기를 가동시킬 수 있는 유일한 인물이라는 것을 알고 비밀리에 그를 추적하기 시작한다. 정부의 감시시스템이 조여오는 가운데, 비커스는 외계인 수용 구역 ‘디스트릭트 9’으로 숨어드는데…"
77,와일드라이프,Movie,2018,7.3,1시간 45분,드라마,,,"Jake Gyllenhaal, Carey Mulligan, Ed Oxenbould, Zoe Colletti, Bill Camp, Travis W Bruyer",Paul Dano,"1960년 미국 몬태나. 14살 소년 ‘조’(에드 옥슨볼드)가 부모와 이사를 온다. 어느 날, 아빠(제이크 질렌할)는 산불 진화 작업을 하러 떠나고 ‘조’는 엄마(캐리 멀리건)와 단둘이 남게 된다. 갑작스러운 변화가 낯선 가족들, 첫 눈이 내리면 모든 게 제자리로 돌아올까?"
79,싱크홀,Movie,2021,8.1,1시간 53분,드라마,,,"Cha Seung-won, Kim Sung-kyun, Lee Kwang-soo, Kim Hye-jun, Nam Da-reum, Kim Hong-pa",Kim Ji-hoon,"서울 입성과 함께 내 집 마련의 꿈을 이룬 가장 동원은 이사 첫날부터 프로 참견러 만수와 사사건건 부딪힌다. 동원은 자가취득을 기념하며 직장 동료들을 집들이에 초대하지만 행복한 단꿈도 잠시, 순식간에 빌라 전체가 땅 속으로 떨어지고 만다. 지하 500m 싱크홀 속으로 떨어진 이들은 과연 무사히 빠져나갈 수 있을까?"
81,세븐틴 어게인,Movie,2009,7.2,1시간 42분,코미디,드라마,판타지,"Zac Efron, Leslie Mann, Matthew Perry, Michelle Trachtenberg, Allison Miller, Thomas Lennon",Burr Steers,중년의 위기에 가까워진 30대 마이크는 ‘다시 태어나기’를 바라고 있다. 그러던 어느 날 눈을 떠보니 다시 17살이 된 자신을 발견하게 되는데...
82,인디아나 존스: 레이더스,Movie,1981,8.9,1시간 55분,액션,,,"Harrison Ford, Karen Allen, Paul Freeman, John Rhys-Davies, Ronald Lacey, Wolf Kahler",Steven Spielberg,"1936년 남아메리카. 인디아나 존스(해리슨 포드) 박사는 험난한 밀림 지대를 헤치고 독거미와 온갖 부비트랩을 뚫고서 고대 문명의 동굴에 보관된 보물을 손에 넣는데 성공하지만, 마지막 순간 악덕 고고학자 벨로크(폴 프리먼)에게 빼앗기고 만다. 대학으로 돌아온 인디에게 정보국 사람들이 찾아온다. 정부로부터 성서에 나오는 성궤를 찾으라는 명령을 받는은 인디는 단서를 하나하나 찾아가며 성궤의 행방을 추적해 나간다. 그런데 나치군들도 역시 전쟁에 가지고 나가기만 하면 모든 전쟁에서 승리를 거둘 수 있는 무서운 힘을 지닌 성궤를 찾아나서는데..."
83,인생은 아름다워,Movie,1997,9.3,1시간 56분,코미디,드라마,MadeinEurope,"Roberto Benigni, Nicoletta Braschi, Giorgio Cantarini, Giustino Durano, Amerigo Fontani, Sergio Bini Bustric",Roberto Benigni,"로마에 갓 상경한 시골 총각 귀도는 운명처럼 만난 여인 도라에게 첫눈에 반한다. 넘치는 재치와 유머로 약혼자가 있던 그녀를 사로잡은 귀도는 가정을 꾸리며 분신과도 같은 아들 조수아를 얻는다. 조수아의 다섯 살 생일, 갑작스레 들이닥친 군인들은 귀도와 조수아를 수용소 행 기차에 실어버리고, 소식을 들은 도라 역시 기차에 따라 오른다. 귀도는 아들을 달래기 위해 무자비한 수용소 생활을 단체게임이라 속이고 1,000점을 따는 우승자에게는 진짜 탱크가 주어진다고 말한다. 하루하루가 지나 어느덧 전쟁이 끝났다는 말을 들은 귀도는 조수아를 창고에 숨겨둔 채 아내를 찾아 나서는데..."
84,악인전,Movie,2019,7.9,1시간 50분,범죄,스릴러,액션,"Ma Dong-seok, Kim Moo-yul, Kim Sung-kyu, Choi Min-chul, Heo Dong-won, You Chea-myung",Lee Won-tae,"중부권을 쥐고 흔드는 제우스파 조직의 보스 장동수, 비 내리던 밤 한적한 도로에서 접촉사고를 위장해 접근한 남자에게 불의의 습격을 받는다. 격투 끝에 가까스로 목숨은 건졌지만 조직 보스의 권위와 자존심은 무너지고 만다. 바짝 독이 오른 장동수 앞에 형사 정태석이 나타나 그를 찌른 놈이 연쇄살인범이라며 그날 밤 기억나는 것을 모두 말하라고 한다. 장동수는 얼굴 없는 연쇄살인마와 마주쳐 살아남은 유일한 생존자이자 목격자였다. 자신의 몸에 손 댄 그 놈을 살 떨리게 잡고 싶은 조직의 보스 장동수와 미치도록 범인을 잡고 싶은 강력반 미친개 정태석, 두 사람은 장동수의 조직력과 자본, 정태석의 정보력과 기술력을 이용해 ""K""라 불리는 연쇄살인마를 함께 잡기로 하는데..."
85,감당 불가 크리스마스,Movie,2021,7.2,1시간 27분,코미디,,,"Héctor Bonilla, Benny Ibarra, Jacqueline Bracamontes, Renata Notni, Alex Rose Wiesel, Angélica María",Raúl Martínez,"가족과 해변으로 여행을 떠난 세르반도. 하지만 도착하자마자 한고집하는, 알마의 이모 알리시아와 기 싸움을 시작한다. 모두가 행복해야 할 크리스마스를 위기에 몰아넣으며."
86,하프 브라더스,Movie,2020,7.6,1시간 36분,드라마,코미디,,"Luis Gerardo Méndez, Connor Del Rio, Hayes Hargrove, José Zúñiga, Shira Scott, Catherine Haun",Luke Greenfield,"나에게 형제가 있었다니. 뒤늦게 서로의 존재를 알게 된 두 남자. 이들이 멕시코부터 미국까지, 아버지의 발자취를 따라 길을 떠난다. 극과 극 성격만큼 와일드한 여정이 펼쳐진다!"
87,원스 어폰 어 타임 인… 할리우드,Movie,2019,8.3,2시간 42분,스릴러,드라마,코미디,"Leonardo DiCaprio, Brad Pitt, Margot Robbie, Emile Hirsch, Margaret Qualley, Timothy Olyphant",Quentin Tarantino,"자유의 바람이 불던 1969년 할리우드, 잊혀져 가는 액션스타 릭 달튼과 그의 스턴트 배우 겸 매니저인 클리프 부스는 과거의 영광을 되찾기 위해 고군분투하지만 새로운 스타들에 밀려 큰 성과를 거두진 못한다. 어느 날 릭의 옆집에 할리우드에서 가장 핫한 로만 폴란스키 감독과 배우 샤론 테이트 부부가 이사 오자 릭은 새로운 기회가 생길 수도 있다고 기뻐하지만 인사조차 나누지 못한다. 형편상 더 이상 함께 일할 수 없게 된 릭과 클리프는 각자의 길을 가기로 하고 릭의 집에서 술을 거나하게 마시던 중 뜻하지 않은 낯선 방문객을 맞이하게 되는데…"
88,마스터 클렌즈,Movie,2018,5.7,1시간 21분,드라마,판타지,공포,"Johnny Galecki, Anna Friel, Anjelica Huston, Kyle Gallner, Oliver Platt, Kevin J. O'Connor",Bobby Miller,"아픈 과거를 씻고 새 인생을 살겠다며 영적 수련회에 참가한 남자. 그런데 특제 주스를 마신 뒤로 이상한 걸 보기 시작한다. 내면의 악마를 끄집어내는 주스라던데, 그럼 저 기괴한 것이 내 속에 있었다는 거야?"
89,노팅 힐,Movie,1999,7.8,2시간 4분,로맨스,코미디,드라마,"Julia Roberts, Hugh Grant, Gina McKee, Tim McInnerny, Rhys Ifans, Emma Chambers",Roger Michell,"윌리엄 태커(휴 그랜트분)는 웨스트 런던의 ‘노팅 힐’에 사는 소심한 남자. 역시 독신의 괴상한 친구 스파이크(리스 아이판스 분)와 함께 살고있는 그는, 노팅힐 시장 한쪽 구석에 위치한 조그마한 여행서적 전문점을 운영하며 살고 있다. 그에게는 미래에 대한 포부나 설계는 사치에 불과하다. 여느 때와 마찬가지로 무미건조한 하루를 보내고 있던 그는 세계적으로 유명한 인기 영화배우 안나 스콧(줄리아 로버츠 분)이 그의 책방 문을 열고 들어와 책을 사고 나가자 잠깐 동안에 일어난 이 엄청난 사건에 어쩔 줄을 모른다."
90,예스맨,Movie,2008,7.6,1시간 44분,로맨스,코미디,,"Jim Carrey, Zooey Deschanel, Bradley Cooper, John Michael Higgins, Rhys Darby, Danny Masterson",Peyton Reed,인생을 바꾸는 유쾌한 외침 ‘예스’! 은행 대출관련 상담원 칼 앨렌(짐 캐리)은 ‘NO’를 입에 달고 사는 자타공인 ‘노맨(No Man)’. 대출 신청 서류에는 무조건 NO! 클럽 밴드공연 호객행위에도 NO! 친구들의 파티 초대도 역시 NO! ‘NO’로 가득한 다람쥐 쳇바퀴 돌 듯 반복되는 일상이 지루하기만 하다. 하늘이 무너져도 ‘예스’? 하지만 친구의 권유로 ‘인생역전 자립프로그램’에 등록하면서 변화 없이 지루하던 그의 인생은 일대 변혁을 ..
91,올 더 머니,Movie,2017,7.3,2시간 12분,드라마,범죄,스릴러,"Michelle Williams, Christopher Plummer, Mark Wahlberg, Romain Duris, Timothy Hutton, Charlie Plummer",Ridley Scott,"석유 사업으로 세계 최고의 부자가 된 J. 폴 게티의 손자가 유괴되는 사건이 발생한다. 유괴범이 요구한 몸값은 1,700만 달러. 전 세계가 게티 3세의 역대급 몸값 협상에 주목하는 가운데 J. 폴 게티는 단 한 푼도 줄 수 없다고 단언하고, 게일은 아들을 구하기 위해 전직 CIA 요원 플레처와 함께 협상에 나서는데..."
92,찰리와 초콜릿 공장,Movie,2005,7.7,1시간 55분,코미디,판타지,가족,"Johnny Depp, Freddie Highmore, David Kelly, Helena Bonham Carter, Noah Taylor, Missi Pyle",Tim Burton,전 세계 누구에게나 사랑 받는 윌리 웡카 초콜릿 공장. 매일 엄청난 양의 초콜릿을 생산해 세계 각국으로 운반하고 있지만 그 누구도 공장을 드나 드는 사람을 본 적이 없는 비밀의 공간이다. 공장보다 더 신비로운 수수께끼는 공장장인 윌리 웡카(조니 뎁)라는 인물. 소문에 의하면 웡카는 몇 년 동안 공장 밖으로 나가본 적도 없다고 한다. 어느 날 윌리 웡카가 5개의 웡카 초콜릿에 감춰진 행운의 황금티켓을 찾은 어린이 다섯 명에게 자신의 공장을 공개하고 그 모든 제작과정의 비밀을 보여주겠다는 선언을 한다. 이제 전 세계 어린이들은 황금티켓을 찾기 위한 노력을 시작한다.
94,더 길티,Movie,2021,7.2,1시간 31분,스릴러,범죄,드라마,"Jake Gyllenhaal, Ethan Hawke, Riley Keough, Peter Sarsgaard, Christina Vidal, Paul Dano",Antoine Fuqua,"911 전화 교환원으로 좌천된 경찰관. 심각한 위험에 처한 누군가가 전화를 걸어오자, 그녀를 구하기 위한 추적에 매달린다. 수화기 너머의 진실이 밝혀지고 심판의 순간이 올 때까지."
95,점퍼,Movie,2008,6.8,1시간 28분,SF,액션,스릴러,"Hayden Christensen, Jamie Bell, Samuel L. Jackson, Rachel Bilson, Michael Rooker, Diane Lane",Doug Liman,"데이빗 라이스(헤이든 크리스텐슨)는 뉴욕, 도쿄, 로마, 이집트의 스핑크스 등 원하는 곳은 순식간에 이동할 수 있는 능력의 소유자, 일명 점퍼이다. 그는 눈 깜박할 사이에 전 세계 어디든 갈 수 있고 순식간에 몇 억을 손안에 쥘 수도 있다. 17세 때 자신의 능력을 처음 자각한 데이빗은 뉴욕, 도쿄, 로마, 이집트 등 원하는 곳으로 점핑하며 화려한 메트로폴리탄의 삶을 누린다. 하지만 ‘점퍼’를 처단하기 위해 비밀리에 조직된 ‘팔라딘’들에게 추적당하기 시작하면서 곧 위험에 처하게 된다. 데이빗은 다른 점퍼들과 동맹을 맺으며 수 천 년 동안 진행된 ‘점퍼’와 ‘팔라딘’과의 전쟁에 직면하게 된다. 그러던 중 그는 서서히 자신의 과거와 가족의 비밀에 대한 진실을 알아가게 되는데.."
96,레미제라블,Movie,2012,8.2,2시간 38분,드라마,로맨스,역사,"Hugh Jackman, Russell Crowe, Anne Hathaway, Amanda Seyfried, Sacha Baron Cohen, Helena Bonham Carter",Tom Hooper,"빵 한 조각을 훔친 죄로 19년의 감옥살이를 한 장발장(휴 잭맨). 우연히 만난 신부의 손길 아래 구원을 받고 새로운 삶을 결심한다. 정체를 숨기고 마들렌이라는 새 이름으로 가난한 이들을 도우던 장발장은 운명의 여인, 판틴(앤 해서웨이)과 마주치고, 죽음을 눈앞에 둔 판틴은 자신의 유일한 희망인 딸 코제트(아만다 사이프리드)를 장발장에게 부탁한다. 그러나 코제트를 만나기도 전에 경감 자베르(러셀 크로우)는 장발장의 진짜 정체를 알아차리고, 오래된 누명으로 다시 체포된 장발장은 코제트를 찾아 탈옥을 감행하는데..."
97,동주,Movie,2016,7.6,1시간 51분,드라마,,,"Kang Ha-neul, Park Jeong-min, Kim In-woo, Choi Hong-il, Kim Jung-pal, Choi Hee-seo",Lee Joon-ik,"이름도, 언어도, 꿈도, 모든 것이 허락되지 않았던 일제강점기. 한 집에서 태어나고 자란 동갑내기 사촌지간 동주와 몽규. 시인을 꿈꾸는 청년 동주에게 신념을 위해 거침없이 행동하는 청년 몽규는 가장 가까운 벗이면서도, 넘기 힘든 산처럼 느껴진다. 창씨개명을 강요하는 혼란스러운 나라를 떠나 일본 유학 길에 오른 두 사람. 일본으로 건너간 뒤 몽규는 더욱 독립 운동에 매진하게 되고, 절망적인 순간에도 시를 쓰며 시대의 비극을 아파하던 동주와의 갈등은 점점 깊어진다. 어둠의 시대, 평생을 함께 한 친구이자 영원한 라이벌이었던 윤동주와 송몽규의 끝나지 않은 이야기가 지금 시작된다."
98,잭 리처,Movie,2012,7.6,2시간 10분,스릴러,액션,범죄,"Tom Cruise, Rosamund Pike, Richard Jenkins, David Oyelowo, Werner Herzog, Jai Courtney",Christopher McQuarrie,"도심 한복판, 6발의 총성과 함께 5명의 시민이 살해되는 사건이 벌어진다. 현장의 모든 증거들이 한 남자를 유일한 용의자로 지목하지만, 그는 자백을 거부한 채 ‘잭 리처를 데려오라’는 메모만을 남긴다. 전직 군 수사관 출신이지만 실제 정체를 아는 이는 누구도 없는 의문의 남자 ‘잭 리처’. 마침내 모습을 드러낸 그는 모든 정황이 완벽해 보이는 사건에 의문을 품고 홀로 진실을 추적하기 위해 나서는데…! 법의 한계를 넘어선 자, ‘잭 리처’ 이제 그의 심판이 시작된다!"
99,아가씨,Movie,2016,8.9,2시간 24분,스릴러,드라마,로맨스,"Kim Min-hee, Kim Tae-ri, Ha Jung-woo, Cho Jin-woong, Kim Hae-sook, Moon So-ri",Park Chan-wook,"어릴 적 부모를 잃고 후견인 이모부의 보호 아래 살아가는 귀족 아가씨에게 백작이 추천한 새로운 하녀가 찾아온다. 이모부의 서재에서 책을 읽는 것이 일상의 전부인 아가씨는 순박해 보이는 하녀에게 조금씩 의지하기 시작한다. 하지만 하녀의 정체는 유명한 여도둑의 딸인 소매치기 고아 소녀 숙희. 막대한 재산을 상속받게 될 아가씨를 유혹하여 돈을 가로채겠다는 사기꾼 백작의 제안을 받고 아가씨가 백작을 사랑하게 만들기 위해 하녀가 된 것. 드디어 백작이 등장하고, 백작과 숙희는 자신만의 방식으로 아가씨의 마음을 흔들기 시작하는데..."
101,노인을 위한 나라는 없다,Movie,2007,8.7,2시간 2분,스릴러,범죄,드라마,"Tommy Lee Jones, Javier Bardem, Josh Brolin, Woody Harrelson",Joel Coen,"사막 한 가운데서 사냥을 즐기던 모스는 총격전이 벌어진 듯 출혈이 낭자한 사건 현장을 발견한다. 모스는 물 한 모금을 갈구하는 단 한명의 생존자를 외면한 채 떠나다가 우연히 200만 달러가 들어있는 가방을 발견한다. 횡재를 했지만 물을 달라는 요구를 거절한 게 내심 꺼림칙했던 모스는 새벽녘에 현장을 다시 방문하게 되고, 때마침 마주친 경찰에게 쫓기는 신세가 되고 만다. 여기에 200만 달러가 든 가방을 찾는 살인마 안톤 시거와 보안관 벨이 끼어들면서 이야기는 혼돈과 폭력의 결말로 치달아 간다."
106,핵소 고지,Movie,2016,9.1,2시간 19분,드라마,역사,전쟁,"Andrew Garfield, Sam Worthington, Vince Vaughn, Teresa Palmer, Luke Bracey, Hugo Weaving",Mel Gibson,비폭력주의자인 도스는 전쟁으로부터 조국과 소중한 사람들을 지키기 위해 총을 들지 않아도 되는 의무병으로 육군에 자진 입대한다. 총을 들 수 없다는 이유로 필수 훈련 중 하나인 총기 훈련 마저 거부한 도스는 동료 병사들과 군 전체의 비난과 조롱을 받게 된다. 결국 군사재판까지 받게 되지만 끝까지 자신의 신념을 굽히지 않은 도스에게 군 상부는 오키나와 전투에 총기 없이 의무병으로 참전할 것을 허락하는데…
107,빅 쇼트,Movie,2015,8.3,2시간 11분,코미디,드라마,역사,"Christian Bale, Steve Carell, Ryan Gosling, Brad Pitt, Melissa Leo, Hamish Linklater",Adam McKay,"사회성이라곤 없는 캐피털 회사 대표 마이클 버리는 금융시장의 붕괴를 예측하고, 골드만삭스를 찾아가 부동산 폭락에 돈을 걸겠다고 말해 비웃음을 산다. 도이치뱅크의 트레이더인 자레드 베넷은 대형 은행들이 안전자산이라 홍보한 부채담보부증권의 부실을 파악하고 내부 정보를 투자자들에게 흘린다. 펀드매니저 마크 바움은 자레드에게서 제공받은 정보로 대형 은행과 반대되는 투자를 감행한다. 은퇴 뒤 은둔 중인 전직 트레이더 벤 리커트는 눈밝고 대담한 젊은 펀드매니저 찰리와 제이미를 돕는다."
108,그것만이 내 세상,Movie,2018,8.3,2시간 0분,드라마,코미디,가족,"Lee Byung-hun, Youn Yuh-jung, Park Jeong-min, Han Ji-min, Kim Sung-ryung, Choi Ri",Choi Sung-hyun,"한때는 WBC 웰터급 동양 챔피언이었지만 지금은 오갈 데 없어진 한물간 전직 복서 조하. 우연히 17년 만에 헤어진 엄마 인숙과 재회하고, 숙식을 해결하기 위해 따라간 집에서 듣지도 보지도 못했던 뜻밖의 동생 진태와 마주한다. 라면 끓이기, 게임도 최고로 잘하지만 무엇보다 피아노에 천재적 재능을 지닌 서번트증후군 진태. 조하는 입만 열면 ""네~"" 타령인 심상치 않은 동생을 보자 한숨부터 나온다. 하지만 캐나다로 가기 위한 경비를 마련하기 전까지만 꾹 참기로 결심한 조하는 결코 만만치 않은 불편한 동거생활을 하기 시작하는데..."
109,캘리포니아 크리스마스: 도시의 불빛,Movie,2021,7.6,1시간 30분,드라마,로맨스,코미디,"Lorynn York, Josh Swickard, Ali Afshar, David Del Rio, Natalia Mann, Gunnar Anderson",Shaun Paul Piccinino,1년 전 사랑에 빠진 캘리와 조지프. 서로에 대한 애정이 더욱 굳건해진 두 사람은 가족 사업을 위해 농장을 떠나 샌프란시스코로 향한다. 곧 다가올 결혼식을 기대하면서.
110,범죄도시,Movie,2017,8.2,2시간 1분,범죄,액션,스릴러,"Ma Dong-seok, Yoon Kye-sang, Jo Jae-yoon, Choi Gwi-hwa, Lim Hyung-jun, Jin Sun-kyu",Kang Yun-sung,2004년 서울. 중국 하얼빈에서 활동하다 피신한 신흥 범죄조직의 악랄한 보스 장첸. 가리봉동 일대로 넘어온 장첸과 그의 일당들은 단숨에 기존 조직들을 장악하고 가장 강력한 세력인 춘식이파 보스 황사장까지 위협하며 도시 일대의 최강자로 급부상한다. 한편 대한민국을 뒤흔든 장첸 일당을 잡기 위해 오직 주먹 한방으로 도시의 평화를 유지해 온 괴물형사 마석도와 인간미 넘치는 든든한 리더 전일만 반장이 이끄는 강력반은 눈에는 눈 방식의 소탕 작전을 기획하는데...
111,거인,Movie,2014,7.3,1시간 48분,드라마,,,"Choi Woo-shik, Kim Su-hyun, Kang Shin-chul, Shin Jae-ha, Park Joo-hee, Lee Min-ah",Kim Tae-yong,"구역질 나는 집을 나와 보호시설인 그룹홈에서 자란 열일곱 영재. 시설을 나가야 할 나이가 되었지만, 무책임한 아버지 집으로는 결코 돌아가고 싶지 않아 초조하다. 선량을 베푸는 사람들에게는 얼마든지 무릎을 꿇어주며 신부가 될 모범생처럼 살갑게 굴지만, 남몰래 후원물품을 훔쳐 팔기도 하고, 거짓말로 친구를 배신하며 하루하루 버틴다. 눈칫밥 먹으며 살기 바쁜 어느 날, 영재에게 아버지가 찾아온다. 자신에게 동생마저 떠맡기려는 아버지로 인해 영재는 참을 수 없는 절망과 분노로 폭발하게 되는데…"
112,클라우스,Movie,2019,9.1,1시간 38분,코미디,가족,애니메이션,"Jason Schwartzman, J.K. Simmons, Rashida Jones, Joan Cusack, Norm Macdonald, Will Sasso",Sergio Pablos,공기도 인심도 꽁꽁 얼어붙은 마을. 활기 넘치는 젊은 우체부와 세상을 등지고 장난감을 만드는 목수. 작은 장난감 선물로 냉기가 사라질 수 있을까. 전혀 어울리지 않는 둘의 우정이 차디찬 세상에 온기를 불어넣는다. 《슈퍼배드》 작가의 산타 탄생 이야기.
113,매드 맥스: 분노의 도로,Movie,2015,8.6,2시간 1분,SF,스릴러,액션,"Tom Hardy, Charlize Theron, Nicholas Hoult, Hugh Keays-Byrne, Josh Helman, Nathan Jones",George Miller,"핵전쟁으로 멸망한 22세기. 얼마 남지 않은 물과 기름을 차지한 독재자 임모탄 조가 살아남은 인류를 지배한다. 한편 아내와 딸을 잃고 살아남기 위해 사막을 떠돌던 맥스는 임모탄의 부하들에게 납치되어 노예로 끌려가고, 폭정에 반발한 외팔의 사령관 퓨리오사는 인류 생존의 열쇠를 쥔 임모탄의 여인들을 탈취해 분노의 도로로 폭주한다. 이에 임모탄의 전사인 워보이들과 신인류 눅스는 피주머니 신세로 전락한 맥스를 이끌고 퓨리오사의 뒤를 쫓는데..."
114,로미오와 줄리엣,Movie,1968,8.2,2시간 23분,드라마,MadeinEurope,로맨스,"Leonard Whiting, Olivia Hussey, John McEnery, Michael York, Milo O’Shea, Pat Heywood",Franco Zeffirelli,"몬태규가의 로미오는 원수 집안인 캐플릿가의 가면파티에 몰래 갔다 우연히 아름다운 여인을 본다. 그녀에게 첫눈에 반한 로미오는 그녀가 바로 원수 캐플릿가의 딸이란 사실을 알고 놀란다. 하지만 그녀에게 끌리는 감정을 막을 수 없었던 그는 밤에 담장을 넘어 창가에서 그녀를 만난다.줄리엣 또한 로미오를 보고 사랑에 빠지고 이 둘은 신부님의 주례로 몰래 결혼식을 치르고 첫날밤을 보낸다. 그러나, 친구 머큐쇼와 싸움에 휘말린 로미오가 실수로 줄리엣의 사촌오빠인 티볼트를 죽이게 되면서 로미오는 쫓기는 몸이 된다. 그리고 이 둘은 비극적인 운명으로 치닷는다."
115,인비저블 게스트,Movie,2017,8.9,1시간 47분,스릴러,범죄,드라마,"Mario Casas, Ana Wagener, Jose Coronado, Bárbara Lennie, Francesc Orella, Paco Tous",Oriol Paulo,"의문의 습격으로 살해 당한 ‘로라’ ‘아드리안’은 연인의 죽음에 절망하고, 범인은 흔적도 없이 사라졌다. 유력한 용의자로 누명을 쓴 ‘아드리안’은 승률 100%의 변호사 ‘버지니아’를 선임한다. 그리고 자신의 무죄를 입증하기 위해 고군분투하던 중 과거 그와 ‘로라’가 은폐한 교통사고와 숨겨진 연관성을 찾게 되는데… 남은 시간은 단 3시간, 사건을 재구성해 무죄를 입증해야 한다!"
116,패딩턴,Movie,2014,7.9,1시간 36분,코미디,애니메이션,가족,"Ben Whishaw, Hugh Bonneville, Sally Hawkins, Samuel Joslin, Madeleine Harris, Julie Walters",Paul King,"폭풍우에 가족을 잃은 꼬마곰 패딩턴은 페루에서 영국까지 나홀로 여행을 떠난다. 런던에 도착한 패딩턴은 우연히 브라운 가족을 만나게 되고 그들의 도움을 받아 새로운 가족을 찾아 나선다. 하지만 움직이기만 해도 사고, 만지기만 해도 사고, 1초에 한번씩 사고를 치는 패딩턴은 브라운 가족의 골칫거리가 되고 만다. 한편, 말하는 곰이 나타났다는 소식에 악당 박제사 밀리센트는 호시탐탐 패딩턴을 노리는데…"
117,더 킹: 헨리 5세,Movie,2019,8,2시간 20분,드라마,역사,로맨스,"Timothée Chalamet, Joel Edgerton, Sean Harris, Tom Glynn-Carney, Lily-Rose Depp, Thomasin McKenzie",David Michôd,"잉글랜드 왕의 후계자가 될 생각은 조금도 없는 방탕한 왕자, 할. 그는 왕궁을 등진 채 민중들과 어울려 지내고 있다. 하지만 아버지가 돌아가신 후 장남인 그는 헨리 5세로 즉위하고, 그동안 그토록 피하고 싶었던 삶을 살 수밖에 없다. 왕궁 내 정치와 혼란, 아버지가 남긴 전쟁을 이끌어가야 하는 젊은 왕. 뿐만 아니라 그는 가장 친한 친구이자 멘토였지만 이제는 늙은 알코올중독자가 되어버린 기사 존 폴스타프를 포함해, 과거의 삶과 관련된 감정들로 괴로워한다."
118,기생충,Movie,2019,9.4,2시간 13분,드라마,코미디,스릴러,"Song Kang-ho, Lee Sun-kyun, Cho Yeo-jeong, Choi Woo-shik, Park So-dam, Lee Jung-eun",Bong Joon-ho,"전원 백수로 살 길 막막하지만 사이는 좋은 기택 가족. 장남 기우에게 명문대생 친구가 연결시켜 준 고액 과외 자리는 모처럼 싹튼 고정수입의 희망이다. 온 가족의 도움과 기대 속에 박 사장 집으로 향하는 기우. 글로벌 IT기업의 CEO인 박 사장의 저택에 도착하자 젊고 아름다운 사모님 연교와 가정부 문광이 기우를 맞이한다. 큰 문제 없이 박 사장의 딸 다혜의 과외를 시작한 기우. 그러나 이렇게 시작된 두 가족의 만남 뒤로, 걷잡을 수 없는 사건이 기다리고 있는데....."
119,남한산성,Movie,2017,7.3,2시간 20분,드라마,스릴러,액션,"Lee Byung-hun, Kim Yoon-seok, Park Hae-il, Go Soo, Park Hee-soon, Song Young-chang",Hwang Dong-hyuk,"1636년 인조 14년 병자호란. 청의 대군이 공격해오자 임금과 조정은 적을 피해 남한산성으로 숨어든다. 추위와 굶주림, 절대적인 군사적 열세 속 청군에 완전히 포위된 상황, 대신들의 의견 또한 첨예하게 맞선다. 순간의 치욕을 견디고 나라와 백성을 지켜야 한다는 이조판서 최명길과 청의 치욕스런 공격에 끝까지 맞서 싸워 대의를 지켜야 한다는 예조판서 김상헌. 그 사이에서 인조의 번민은 깊어지고, 청의 무리한 요구와 압박은 더욱 거세지는데..."
120,헤이트풀8,Movie,2015,8.5,3시간 8분,서부,스릴러,범죄,"Samuel L. Jackson, Kurt Russell, Jennifer Jason Leigh, Walton Goggins, Demián Bichir, Tim Roth",Quentin Tarantino,"레드 락 타운으로 죄수를 이송해가던 교수형 집행인은 설원 속에서 우연히 현상금 사냥꾼, 보안관과 합류하게 된다. 거센 눈보라를 피해 산장으로 들어선 4명은 그곳에 먼저 와있던 또 다른 4명, 연합군 장교, 이방인, 리틀맨, 카우보이를 만나게 된다. 큰 현상금이 걸린 죄수를 호시탐탐 노리는 이들에게 교수형 집행인은 경고를 하지만, 이를 비웃기라도 하듯 참혹한 독살 사건이 일어난다. 각자 숨겨둔 비밀이 하나씩 밝혀지면서 서로를 향한 불신은 커져만 가고, 팽팽한 긴장감 속에 증오의 밤은 점점 깊어지는데..."
121,어바웃 타임,Movie,2013,8.6,2시간 3분,판타지,코미디,드라마,"Domhnall Gleeson, Rachel McAdams, Bill Nighy, Tom Hollander, Margot Robbie, Lydia Wilson",Richard Curtis,"모태솔로 팀(돔놀 글리슨)은 성인이 된 날, 아버지(빌 나이)로부터 놀랄만한 가문의 비밀을 듣게 된다. 바로 시간을 되돌릴 수 있는 능력이 있다는 것! 그것이 비록 히틀러를 죽이거나 여신과 뜨거운 사랑을 할 수는 없지만, 여자친구는 만들어 줄 순 있으리.. 꿈을 위해 런던으로 간 팀은 우연히 만난 사랑스러운 여인 메리에게 첫눈에 반하게 된다. 그녀의 사랑을 얻기 위해 자신의 특별한 능력을 마음껏 발휘하는 팀. 어설픈 대시, 어색한 웃음은 리와인드! 뜨거웠던 밤은 더욱 뜨겁게 리플레이! 꿈에 그리던 그녀와 매일매일 최고의 순간을 보낸다. 하지만 그와 그녀의 사랑이 완벽해질수록 팀을 둘러싼 주변 상황들은 미묘하게 엇갈리고, 예상치 못한 사건들이 여기저기 나타나기 시작하는데… 어떠한 순간을 다시 살게 된다면, 과연 완벽한 사랑을 이룰 수 있을까?"
122,고스트 버스터즈,Movie,2016,6.9,1시간 56분,판타지,SF,액션,"Melissa McCarthy, Kristen Wiig, Kate McKinnon, Leslie Jones, Chris Hemsworth, Neil Casey",Paul Feig,"초자연 현상 전문가 애비, 물리학 박사 에린, 무기 개발자 홀츠먼이 모여 만든 유령 퇴치 전문 회사 ‘고스트버스터즈’. 사람들로부터 비웃음을 사며 먼지만 풀풀 날리던 어느 날, 뉴욕 한복판에서 유령들이 출몰했다는 제보가 들어온다. 뉴욕 지리에 정통한 신참 패티와 금발 섹시 비서 케빈까지 채용한 이들은 본격적으로 유령을 사냥하기 시작하는데…"
123,암수살인,Movie,2018,7.2,1시간 51분,범죄,드라마,,"Kim Yoon-seok, Ju Ji-hoon, Moon Jeong-hee, Jin Sun-kyu, Jung Jong-joon, Jin Heo",Kim Tae-gyoon,"수감된 살인범 강태오는 형사 김형민에게 추가 살인을 자백한다. 형사의 직감으로 자백이 사실임을 확신하게 된 형민은, 태오가 적어준 7개의 살인 리스트를 믿고 수사에 들어간다. 태오의 추가 살인은 세상에 알려지지 않은 암수사건. 형민은 태오가 거짓과 진실을 교묘히 뒤섞고 있다는 걸 알게 되지만 수사를 포기하지 않는다. 그러나 다가오는 공소시효와 부족한 증거로 인해 수사는 난항을 겪게 되는데.."
124,극한직업,Movie,2019,7.7,1시간 51분,액션,범죄,코미디,"Ryu Seung-ryong, Lee Ha-nee, Jin Sun-kyu, Lee Dong-hwi, Gong Myoung, Shin Ha-kyun",Lee Byeong-heon,"불철주야 달리고 구르지만 실적은 바닥, 급기야 해체 위기를 맞는 마약반! 더 이상 물러설 곳이 없는 팀의 맏형 고반장은 국제 범죄조직의 국내 마약 밀반입 정황을 포착하고 장형사, 마형사, 영호, 재훈까지 4명의 팀원들과 함께 잠복 수사에 나선다. 마약반은 24시간 감시를 위해 범죄조직의 아지트 앞 치킨집을 인수해 위장 창업을 하게 되고, 뜻밖의 절대미각을 지닌 마형사의 숨은 재능으로 치킨집은 일약 맛집으로 입소문이 나기 시작한다. 수사는 뒷전, 치킨장사로 눈코 뜰 새 없이 바빠진 마약반에게 어느 날 절호의 기회가 찾아오는데…"
127,이미테이션 게임,Movie,2014,8.8,1시간 53분,스릴러,드라마,전쟁,"Benedict Cumberbatch, Keira Knightley, Matthew Goode, Rory Kinnear, Allen Leech, Matthew Beard",Morten Tyldum,"매 순간 3명이 죽는 사상 최악의 위기에 처한 제 2차 세계대전. 절대 해독이 불가능한 암호 에니그마로 인해 연합군은 속수무책으로 당하게 된다. 결국 각 분야의 수재들을 모아 기밀 프로젝트 암호 해독팀을 가동한다. 천재 수학자 앨런 튜링은 암호 해독을 위한 특별한 기계를 발명하지만 24시간 마다 바뀌는 완벽한 암호 체계 때문에 번번히 좌절하고 마는데... 과연, 앨런 튜링과 암호 해독팀은 암호를 풀고 전쟁의 승리를 끌어낼 수 있을까…?"
128,퍼시픽 림,Movie,2013,7.8,2시간 11분,액션,SF,,"Charlie Hunnam, Rinko Kikuchi, Idris Elba, Max Martini, Clifton Collins Jr., Ron Perlman",Guillermo del Toro,"2025년, 태평양 연안의 심해에 커다란 균열이 일어난다. 정체를 알 수 없었던 이곳은 지구와 우주를 연결하는 포탈이었고 여기서 엄청난 크기의 외계 괴물 카이주가 나타난다. 일본 전역을 시작으로 미국, 중국, 러시아, 호주 등 지구 곳곳을 파괴하는 카이주의 공격에 전 세계가 혼돈에 빠지고, 전 지구적인 비상사태 돌입에 세계 각국의 정상들은 인류 최대의 위기에 맞서기 위한 범태평양연합방어군을 결성한다. 상상을 초월하는 수퍼 파워, 뇌파를 통해 파일럿의 동작을 인식하는 신개념 조종시스템을 장착한 예거와 이를 조종하는 최정예 파일럿들이 괴물들에게 반격을 시작하는데..."
129,수퍼 소닉,Movie,2020,7.9,1시간 39분,SF,액션,코미디,"Ben Schwartz, James Marsden, Jim Carrey, Tika Sumpter, Natasha Rothwell, Adam Pally",Jeff Fowler,"소리보다 빠른 초고속 고슴도치 히어로 '소닉'은 지구에 불시착한다. 그의 특별한 능력을 감지한 과학자 ‘닥터 로보트닉’은 세계 정복의 야욕을 채우려 하고, 경찰관 ‘톰’은 위험에 빠진 ‘소닉’을 돕기 위해 나서는데…! 과연, ‘소닉'은 천재 악당에 맞서 지구를 지킬 수 있을까?"
130,극장판 포켓몬스터: 뮤츠의 역습 EVOLUTION,Movie,2019,7.1,1시간 38분,판타지,애니메이션,액션,"Rica Matsumoto, Ikue Otani, Mayumi Iizuka, Satomi Korogi",Kunihiko Yuyama,"최고의 포켓몬 트레이너만을 초대하는 의문의 카드를 받게 된 지우와 친구들은 거센 폭풍우를 뚫고 포켓몬성으로 향한다. 하지만 그곳에서 그들을 기다리는 건, 인간에 대한 역습을 선언한 강력한 전설의 포켓몬 뮤츠. 뮤츠는 복제 포켓몬을 만들어 포켓몬 트레이너들에게 공격을 시작하고, 때마침 나타난 환상의 포켓몬 뮤와 함께 지우와 친구들은 운명을 건 피할 수 없는 대결을 시작하는데…"
131,엑스 마키나,Movie,2014,8.4,1시간 48분,드라마,SF,스릴러,"Domhnall Gleeson, Alicia Vikander, Oscar Isaac, Sonoya Mizuno, Corey Johnson, Claire Selby",Alex Garland,유능한 프로그래머 칼렙은 치열한 경쟁 끝에 인공지능 분야의 천재 개발자 네이든의 새로운 프로젝트에 참여하게 된다. 외부엔 알려지지 않은 그의 비밀 연구소로 초대받은 칼렙은 그 곳에서 네이든이 창조한 매혹적인 A.I. 에이바를 만나게 된다. 그녀의 인격과 감정이 진짜인지 아니면 프로그래밍 된 것인 지를 밝히는 테스트를 진행하지만. 점점 에이바도 그녀의 창조자 네이든도 그리고 자신의 존재조차 믿을 수 없게 되고 모든 것을 의심하게 되는데…
135,다마카: 더 테러 라이브,Movie,2021,8.4,1시간 44분,스릴러,드라마,범죄,"Kartik Aaryan, Amruta Subhash, Mrunal Thakur, Soham Majumdar, Vikas Kumar, Vishwajeet Pradhan",Ram Madhvani,"냉소적인 전직 TV 뉴스 앵커. 진행 중인 라디오 프로그램에서 충격적인 전화를 받는다. 이 통화는 TV 앵커로 재기할 일생일대의 기회이지만, 여기에는 양심이라는 대가가 따를지도 모른다."
137,포레스트 검프,Movie,1994,9.4,2시간 22분,로맨스,드라마,,"Tom Hanks, Robin Wright, Gary Sinise, Mykelti Williamson, Sally Field, Michael Conner Humphreys",Robert Zemeckis,"불편한 다리, 남들보다 조금 떨어지는 지능을 가진 포레스트 검프는 헌신적인 어머니의 보살핌과 첫사랑 제니와의 만남으로 편견과 괴롭힘 속에서도 따뜻한 마음을 지니고 성장한다. 또래들의 괴롭힘을 피해 도망치던 포레스트는 누구보다 빠르게 달릴 수 있는 자신의 재능을 깨닫는다. 그의 재능을 알아 본 대학에서 그를 미식축구 선수로 발탁하고, 졸업 후에도 뛰어난 신체능력으로 군에 들어가 무공훈장을 수여받는 등 탄탄한 인생 가도에 오르게 된 포레스트. 하지만 어머니가 병에 걸려 죽음을 맞이하고, 첫사랑 제니 역시 그의 곁을 떠나가며 다시 한 번 인생의 전환점을 맞이하게 되는데..."
138,나를 찾아줘,Movie,2014,8.8,2시간 29분,스릴러,드라마,,"Ben Affleck, Rosamund Pike, Kim Dickens, Carrie Coon, Neil Patrick Harris, Lola Kirke",David Fincher,"모두가 부러워하는 삶을 살아가는 완벽한 커플인 닉과 에이미. 결혼 5주년 기념일 아침, 에이미가 흔적도 없이 실종된다. 유년시절 어린이 동화 시리즈 어메이징 에이미의 실제 여주인공이었던 유명인사 아내가 사라지자, 세상은 그녀의 실종사건으로 떠들썩해진다. 한편 경찰은 에이미가 결혼기념일 선물로 숨겨뒀던 편지와 함께 곳곳에서 드러나는 단서들로 남편 닉을 유력한 용의자로 지목한다. 미디어들이 살인 용의자 닉의 일거수일투족을 보도하기 시작하고, 시간이 갈수록 세상의 관심이 그에게 더욱 집중되는데..."
139,비포 선라이즈,Movie,1995,8.7,1시간 41분,드라마,로맨스,MadeinEurope,"Ethan Hawke, Julie Delpy, Andrea Eckert, Hanno Pöschl, Haymon Maria Buttinger, Erni Mangold",Richard Linklater,파리로 돌아가는 셀린과 비엔나로 향하는 제시. 기차 안에서 우연히 만난 그들은 짧은 시간에 서로에게 빠져든다. 그림 같은 도시와 꿈같은 대화 속에서 발견한 서로를 향한 강한 이끌림은 풋풋한 사랑으로 물들어 간다. 밤새도록 계속된 그들의 사랑 이야기 끝에 해가 떠오르기 시작하고 그들은 헤어져야만 하는데…
140,맘마 미아!,Movie,2008,7.5,1시간 48분,로맨스,코미디,MadeinEurope,"Amanda Seyfried, Meryl Streep, Pierce Brosnan, Stellan Skarsgård, Colin Firth, Julie Walters",Phyllida Lloyd,"그리스의 작은 섬에서 모텔을 운영하는 도나(메릴 스트립)의 딸 소피(아만다 사이프리드)는 연인 스카이와 행복한 결혼을 앞두고 있다. 그러나 완벽한 결혼을 꿈꾸는 그녀의 계획에 한가지 걸리는 것이 있으니, 바로 결혼식장에 자신의 손을 잡고 입장해 줄 아빠가 없다는 것. 결혼식을 앞두고 우연히 낡은 트렁크에서 엄마의 일기장을 발견한 소피는 아빠로 추정되는 세 남자의 이름을 발견하고 도나의 이름으로 이들을 결혼식에 초대한다. 마침내 결혼식이 다가오고 소피가 초대한 세 남자 샘(피어스 브로스넌), 해리(콜린 퍼스), 빌(스텔란 스카스가드)이 그리스 섬에 도착하면서 도나는 당황하게 되는데..."
141,추격자,Movie,2008,8.5,2시간 4분,스릴러,액션,범죄,"Kim Yoon-seok, Ha Jung-woo, Seo Young-hee, Kim You-jung, Jung In-gi, Park Hyo-joo",Na Hong-jin,"출장안마소를 운영하는 전직 형사 중호. 최근 데리고 있던 여자들이 잇달아 사라지는 일이 발생하던 중 조금 전 나간 미진을 불러낸 손님의 전화 번호와 사라진 여자들이 마지막으로 통화한 번호가 일치함을 알아낸다. 연락이 두절된 미진을 찾아 헤매던 중 우연히 옷에 피가 묻은 영민과 마주치고, 추격 끝에 그를 붙잡는다. 실종된 여자들을 모두 죽였다는 충격적인 고백을 담담히 털어 놓는 영민에 의해 경찰서는 발칵 뒤집어진다. 공세우기에 혈안이 된 경찰은 미진의 생사보다는 증거를 찾기에만 급급해 하고, 미진이 살아 있다고 믿는 단 한 사람인 중호는 미진을 찾아 나서는데..."
142,올드보이,Movie,2003,9.1,1시간 59분,스릴러,액션,드라마,"Choi Min-sik, Yoo Ji-tae, Kang Hye-jung, Kim Byung-ok, Ji Dae-han, Oh Dal-su",Park Chan-wook,"오대수는 어느 날 술이 거나하게 취해 집에 돌아가는 길에 누군가에게 납치, 사설 감금방에 갇히게 된다. 중국집 군만두만을 먹으며 8평이라는 제한된 공간에서 그가 할 수 있는 일이라곤 텔레비전 보는 게 전부. 1년이 지났을 무렵, 뉴스를 통해 나오는 아내의 살해소식. 게다가 아내의 살인범으로 자신이 지목되고 있음을 알게 된 오대수는 복수와 탈출을 위해 감금방 한쪽 구석을 쇠젓가락으로 파기 시작한다. 감금 15년을 맞이하는 해, 마침내 사람 몸 하나 빠져나갈 만큼의 탈출구가 생겼을 때, 어이없게도 15년 전 납치됐던 바로 그 장소로 풀려나 있는 자신을 발견하게 된다."
143,혼자 사는 사람들,Movie,2021,7.5,1시간 31분,드라마,,,"Gong Seung-yeon, Jeong Da-eun, Seo Hyun-woo, Kim Hae-na, Kim Mo-beom, Park Jeong-hak",Hong Sung-eun,"요즘 같은 세상엔 혼자가 편하다. 이건 콜센터 상담원 진아도 마찬가지. 근데 시답잖게 말을 걸어오던 옆집 남자가 죽었다는 소식 이후, 진아의 고요했던 일상에 변화가 생기기 시작한다."
144,원초적 본능,Movie,1992,7.6,2시간 7분,스릴러,드라마,,"Michael Douglas, Sharon Stone, George Dzundza, Jeanne Tripplehorn, Leilani Sarelle, Denis Arndt",Paul Verhoeven,"한 남자가 정사 도중 얼음 송곳으로 잔인하게 살해당하는 사건이 발생한다. 형사 닉(마이클 더글러스)은 살인 용의자로 여류추리소설가 캐서린 트러멜(샤론 스톤)을 지목하고, 그녀가 거주하는 바닷가의 별장을 찾는다. 닉은 캐서린이 자신에 관한 자료를 모으고 있다는 사실에 놀라고 그녀의 관능미와 자만심은 그에게 충동적인 욕망을 불러일으킨다. 그러던 중 캐서린의 작품 중에서 이번 살인과 동일한 책을 발견, 캐서린을 연행 심문한다. 취조실에 들어온 캐서린은 변호를 받을 권리를 거부하고 심리전과 증거 불충분으로 혐의를 벗지만, 닉크는 그녀가 범인임을 확신하고 계속 수사를 펼쳐나가는데..."
147,악마를 보았다,Movie,2010,8.5,2시간 22분,스릴러,공포,액션,"Lee Byung-hun, Choi Min-sik, Jeon Kuk Hwan, Cheon Ho-jin, Oh San-ha, Kim Yoon-seo",Kim Jee-woon,"국정원 경호요원 수현은 약혼녀 주연이 잔인하게 살해당하자 자신에게 가장 소중한 사람을 지켜내지 못했다는 자괴감과 분노로 가장 고통스러운 복수를 다짐한다. 수현은 연쇄살인마 장경철이 범인임을 알아내고 죽을 만큼의 고통만 가하고 놓아주기를 반복하며 처절한 응징을 시작한다. 그러나, 악마보다 더 악랄한 살인마 장경철은 난생 처음 만난 대등한 적수의 출현을 즐기며 반격에 나서기 시작하는데…"
148,그레이의 50가지 그림자,Movie,2015,5.9,2시간 5분,스릴러,드라마,로맨스,"Dakota Johnson, Jamie Dornan, Jennifer Ehle, Eloise Mumford, Victor Rasuk, Luke Grimes",Sam Taylor-Johnson,"순수한 사회 초년생인 여대생 ‘아나스타샤’는 어느 날, 아픈 친구를 대신해 모든 것을 다 가진 매력적인 CEO ‘크리스찬 그레이’의 인터뷰를 맡게 된다. 단숨에 사람을 매료시키는 ‘크리스찬 그레이’의 마력에 ‘아나스타샤’는 순식간에 빠져들고, 그 역시 순수한 아나스타샤를 점점 더 알고 싶어지게 된다. 내 취향은 아주 분명해. 한편, 원하는 것을 모두 들어줄 만큼 완벽한 ‘그레이’의 숨겨진 비밀을 알게 된 ‘아나스타샤’는 거부할 수 없는 본능에 눈을 뜨게 되는데…"
149,해바라기,Movie,2006,7.7,1시간 56분,드라마,액션,범죄,"Kim Rae-won, Kim Hae-sook, Huh Yi-jae, Kim Byung-ok, Kim Jung-tae, Han Jung-soo",Kang Suk-bum,"고교 중퇴 후 맨주먹으로 거리의 양아치들을 싹 쓸어버렸던 오태식. 그가 가석방되었다. 태식이 괴롭혔던 민석은 형사가 되었고 태식의 시다바리였던 양기와 창무는 서로 적이 되었다. 그러나 태식은 그들과의 앙금은 모른다는 듯 손에 낡은 수첩 하나를 쥐고 그 안에 적힌 하고 싶은 일들을 해나간다. 목욕탕도 가고, 호두과자도 먹고, 문신도 지우고... 그 수첩은 그가 감옥에서 소망한 하고 싶은 일들뿐 아니라 앞으로 지켜야 할 세 가지 약속도 적혀있다. ‘술마시지 않는다’, ‘싸우지 않는다’, ‘울지 않는다’..."
150,The Witcher: Nightmare of the Wolf,Movie,2021,8.4,1시간 23분,판타지,SF,애니메이션,"Theo James, Mary McDonnell, Lara Pulver, Graham McTavish, Tom Canton, David Errigo Jr.",Han Kwang-il,"가난에서 벗어나고 싶었다. 타고난 운명을 거부하려 했다. 스스로 위쳐의 길을 택한 베스미어, 돈을 위해 괴물을 사냥하는 사내. 하지만 알 수 없는 위협과 더불어 과거의 어둠이 그를 덮친다."
152,클래식,Movie,2003,8.2,2시간 7분,드라마,로맨스,,"Son Ye-jin, Cho Seung-woo, Jo In-sung, Lee Ki-woo, Seo Young-hee, Lee Sang-In",Kwak Jae-yong,"같은 대학에 다니는 지혜(손예진 분)와 수경(이수인 분)은 연극반 선배 상민(조인성 분)을 좋아한다. 하지만 호들갑스런 수경이 상민에게 보낼 편지의 대필을 부탁하고, 지혜는 수경의 이름으로 상민을 향한 자신의 감정을 고백한다. 지혜의 편지로 맺어진 수경과 상민이 가까워지면서 지혜는 괜한 죄의식에 상민을 멀리 하려 하지만, 우연하게도 자꾸만 마주치게 된다. 한편, 아빠를 일찍 여읜 지혜는 지금은 해외 여행 중인 엄마 주희와 단둘이 살다. 엄마의 빈자리를 털기 위해 다락방을 청소하던 지혜는 우연히 엄마의 비밀 상자를 발견하게 된다. 주희의 첫사랑의 기억이 고스란히 담겨있는 비밀 상자를 보면서 지혜는 엄마의 클래식한 사랑을 조금씩 알게 된다. 1968년 여름... 방학을 맞아 시골 삼촌댁에 간 준하(조승우 분)는 그곳에서 성주희(손예진 분)를 만나, 한눈에 그녀에게 매료된다. 그런 주희가 자신에게만 은밀하게 '귀신 나오는 집'에 동행해줄 것을 부탁해온다. 흔쾌히 수락한 준하는 흥분된 마음을 가까스로 누르며 주희와의 약속 장소에 나간다. 그런데 갑작스런 소나기를 만나 배가 떠내려가면서 귀가 시간이 늦어지고, 이 일로 주희는 집안 어른에게 심한 꾸중을 듣고 수원으로 보내진다. 작별 인사도 못하고 헤어진 주희를 향한 준하의 마음은 안타깝기만 하다. 그렇게 방학이 끝나고 학교로 돌아온 준하는 친구 태수에게 연애편지의 대필을 부탁받는데, 상대가 주희란 사실에 깜짝 놀란다. 하지만 태수에게 그 사실을 말하지 못하고, 태수의 이름으로 자신의 마음을 담아 주희에게 편지를 쓴다. 편지를 대신 써주며 사랑이 깊어간 엄마와 자신의 묘하게도 닮은 첫사랑. 이 우연의 일치에 내심 의아해하는 지혜는 상민에 대한 생각이 더욱 깊어만 간다. 하지만 이미 친구의 연인이 되어버린 그를 포기하기로 마음먹는데..."
153,기억의 밤,Movie,2017,8.4,1시간 48분,스릴러,공포,SF,"Kang Ha-neul, Kim Moo-yul, Moon Sung-keun, Na Young-hee, Nam Myung-ryeol, Lee Na-ra",Jang Hang-jun,"새 집으로 이사 온 날 밤, 정체불명의 괴한들에게 납치된 형 유석. 동생 진석은 형이 납치된 후 매일 밤 환청과 환각에 시달리며 불안해한다. 납치된지 19일째 되는 날 돌아온 유석은 그동안의 모든 기억을 잃었다고 말한다. 하지만 돌아온 뒤로 어딘가 변해버린 유석을 의심하던 진석은 매일 밤 사라지는 형을 쫓던 중 충격적인 사실과 마주하게 되는데..."
154,낙원의 밤,Movie,2020,7.7,2시간 11분,스릴러,드라마,액션,"Um Tae-goo, Jeon Yeo-been, Cha Seung-won, Lee Ki-young, Park Ho-san, Hyun Bong-sik",Park Hoon-jung,"범죄조직의 에이스 태구는 사랑하는 누나와 조카를 의문의 교통사고로 한순간에 잃는다. 참혹한 비극의 배후에 상대 조직이 있음을 직감한 태구는 모든 것을 걸고 복수를 실행한다. 거사를 마친 태구는 몸을 숨긴 제주도에서 불법 무기상 삼촌과 단둘이 사는, 죽음의 그림자를 간직한 재연을 만나는데..."
156,라이언 일병 구하기,Movie,1998,9.2,2시간 50분,드라마,전쟁,,"Tom Hanks, Tom Sizemore, Edward Burns, Matt Damon, Barry Pepper, Adam Goldberg",Steven Spielberg,1944년 6월 6일 노르망디 상륙 작전. 오마하 해변에 대기하고 있던 병사들은 한치 앞도 내다볼 수 없는 긴장된 상황에 두려움을 감출 수 없다. 노르망디 해변을 응시하는 밀러 대위와 가장 어려운 임무를 수행해야할 두려움에 지친 그의 대원들. 몇 번의 죽을 고비를 넘기고 맡은 바 임무를 완수하지만 3형제가 전사하고 적진에서 실종된 유일한 생존자인 막내 라이언 일병을 위한 미 행정부의 특별한 임무를 맡게 된다.단 한명의 목숨을 구하기 위해 여덟 명이 위험을 감수해야할 상황에서 대원들은 과연 라이언 일병 한 명의 생명이 그들 여덟 명의 생명보다 더 가치가 있는 것인지 끊임없는 혼란에 빠지는데...
157,바이스,Movie,2018,7.8,2시간 13분,코미디,드라마,역사,"Christian Bale, Amy Adams, Steve Carell, Sam Rockwell, Shea Whigham, Eddie Marsan",Adam McKay,"미국 행정부 역사를 통틀어 가장 강력한 권력을 행사한 부통령이자 네오콘의 상징적인 인물이었던 딕 체니. 그의 의중에 대해서는 거의 알려진 바 없다. 영화는 예일대학교를 중퇴하고 전기설비공으로 일하던 알코올중독자 청년이 어떻게 대기업 CEO에서 펜타곤 수장을 거쳐 미국 부통령이 되었는지, 또 부통령 재임 시절 그가 내린 결정이 세계에 얼마나 치명적인 변화를 가져왔는지를 쫓는다. 딕 체니와 모종의 관계가 있다고 고백하는 내레이터의 정체가 호기심을 자극하는 가운데, 권력자들의 부침, 권력의 이면을 목격하며 점점 더 괴물이 되어가는 한 정치인의 초상이 펼쳐진다."
158,캐치 미 이프 유 캔,Movie,2002,8.8,2시간 21분,드라마,범죄,,"Leonardo DiCaprio, Tom Hanks, Christopher Walken, Martin Sheen, Nathalie Baye, Amy Adams",Steven Spielberg,"1965년, FBI를 발칵 뒤집는 사건이 발생한다. 파일럿을 가장해 모든 비행기에 무임승차는 기본, 50개 주 은행을 순회하며 무려 140만 달러를 횡령한 희대의 사기꾼이 나타난 것. 21년 경력의 FBI 최고의 요원 칼 핸러티가 프랭크의 뒤를 쫓고, 드디어 프랭크의 호텔방을 덮친다. 하지만 칼과 마주친 프랭크는 정부 비밀요원으로 둔갑, 증거물을 챙긴다며 위조수표를 챙겨 들고 여유롭게 빠져나온다. 뒤늦게 자신이 속았음을 깨달은 칼은 자존심 회복을 결심한다. 그리고 마침내 찾은 프랭크의 가족. 하지만 자신을 속인 프랭크가 겨우 17살의 고등학생이라는 사실을 알게 되는데..."
159,터미네이터 2: 심판의 날,Movie,1991,9.1,2시간 17분,스릴러,액션,SF,"Arnold Schwarzenegger, Linda Hamilton, Edward Furlong, Robert Patrick, Earl Boen, Joe Morton",James Cameron,"미래, 인류와 기계의 전쟁은 계속 되는 가운데 스카이넷은 인류 저항군 사령관 존 코너를 없애기 위해 액체 금속형 로봇인 T-1000(로버트 패트릭)을 과거의 어린 존 코너에게로 보낸다. 형태의 변신과 자가 치유까지 가능한 T-1000에 대항하고 존 코너를 지키기 위해 인류 저항군은 T-101(아놀드 슈왈제네거)을 과거로 급파한다. 미래의 인류 운명을 쥔 어린 존 코너, 그를 구해내지 않으면 인류의 미래는 없다. 반드시 제거해야 하는 스카이넷의 T-1000은 거침없이 존 코너 일행을 위협하며 숨가쁜 추격을 시작하는데..."
163,판의 미로: 오필리아와 세개의 열쇠,Movie,2006,8.7,1시간 58분,판타지,전쟁,드라마,"Ivana Baquero, Maribel Verdú, Sergi López, Doug Jones, Ariadna Gil, Álex Angulo",Guillermo del Toro,"먼 옛날 인간들은 모르던 지하 왕국, 행복과 평화로 가득 찬 환상의 세계에 공주가 있었다. 햇빛과 푸른 하늘이 그리웠던 공주는 인간 세계로의 문을 열고 만다. 하지만 너무나 눈부신 햇살에 공주는 기억을 잃은 채로 죽어갔다. 꿈 많은 소녀 오필리아는 만삭인 엄마와 함께 군인인 새아버지의 부대 저택으로 이사를 간다. 하지만 자신을 못마땅해 하는 냉혹한 새아버지에게 두려움을 느끼는 데다, 신비한 숲으로 둘러싸인 저택의 이상한 분위기에 잠을 못 이루던 오필리아에게 요정이 나타난다. 신비로운 모습에 이끌린 오필리아는 요정을 따라 미로로 들어가게 되고 거기서 판이라는 기괴한 요정을 만나는데..."
166,승리호,Movie,2021,7.8,2시간 16분,SF,드라마,판타지,"Song Joong-ki, Kim Tae-ri, Yoo Hae-jin, Jin Sun-kyu, Richard Armitage, Kim Moo-yul",Jo Sung-hee,"2092년, 지구는 병들고 우주 위성궤도에 인류의 새로운 보금자리인 UTS가 만들어졌다. 돈 되는 일이라면 뭐든 하는 조종사 태호, 과거 우주 해적단을 이끌었던 장선장, 갱단 두목이었지만 이제는 기관사가 된 타이거 박, 평생 이루고 싶은 꿈을 가진 작살잡이 로봇 업동이, 이들은 우주쓰레기를 주워 돈을 버는 청소선 승리호의 선원들이다. 어느 날 사고 우주정을 수거한 승리호는 그 안에 숨어있던 대량살상무기로 알려진 인간형 로봇 도로시를 발견한다. 돈이 절실한 선원들은 도로시를 거액의 돈과 맞바꾸기 위한 위험한 거래를 계획하는데..."
168,1987,Movie,2017,8.6,2시간 9분,드라마,스릴러,,"Kim Yoon-seok, Ha Jung-woo, Yoo Hae-jin, Kim Tae-ri, Park Hee-soon, Lee Hee-jun",Jang Joon-hwan,"1987년 1월, 경찰 조사를 받던 스물두 살 대학생이 사망한다. 박처장의 주도 하에 경찰은 시신 화장을 요청하지만, 사망 당일 당직이었던 최검사는 이를 거부하고 부검을 밀어붙인다. 단순 쇼크사인 것처럼 거짓 발표를 이어가는 경찰. 그러나 현장에 남은 흔적들과 부검 소견은 고문에 의한 사망을 가리키고, 사건을 취재하던 윤기자는 물고문 도중 질식사를 보도한다. 한편, 교도소에 수감된 조반장을 통해 사건의 진상을 알게 된 교도관 한병용은 이 사실을 수배 중인 재야인사에게 전달하기 위해 조카인 연희에게 위험한 부탁을 하게 되는데..."
169,가디언즈,Movie,2012,8.2,1시간 37분,액션,가족,애니메이션,"Chris Pine, Alec Baldwin, Jude Law, Isla Fisher, Hugh Jackman, Dakota Goyo",Peter Ramsey,"크리스마스 이브 착한 아이들에게 선물을 가져다 주는 산타클로스 ‘놀스’, 부활절이면 색색깔의 달걀을 곳곳에 숨겨놓는 부활절 토끼 ‘버니’, 밤 사이 빠진 이를 가져가는 대신 동전을 남겨두는 이빨요정 ‘투스’ 그리고 동화 같은 환상적인 꿈을 선사하는 잠의 요정 ‘샌드맨’ 전세계 모든 아이들의 꿈과 희망, 상상력을 지켜주는 이들은 ‘가디언즈’라 불린다. 하지만 두려움을 심어주는 악몽의 신 ‘피치’가 깨어나자 이들은 모든 것을 잃을 최대의 위기를 맞게 된다. 그리고 그에 맞서기 위한 새로운 가디언으로 무엇이든 얼리고 눈을 내리는 능력을 지닌 ‘잭 프로스트’가 선택되고, 놀스, 버니, 투스, 샌드맨, 그리고 잭 프로스트 다섯 명의 가디언즈는 막강한 힘으로 전세계를 지배하려는 ‘피치’에 맞서 최후의 대결에 나서는데…"
171,트와일라잇,Movie,2008,6.6,2시간 2분,판타지,드라마,로맨스,"Kristen Stewart, Robert Pattinson, Billy Burke, Taylor Lautner, Ashley Greene, Peter Facinelli",Catherine Hardwicke,"17세의 평범한 고등학생 소녀 ‘벨라’는 집안 사정으로 워싱턴 주 포크스에 있는 아빠의 집으로 이사를 온다. 전학 첫날, ‘벨라’는 냉담하지만 자신을 무장 해제시킬 정도로 잘생긴 ‘에드워드’와 마주치고, 전율과 두려움 넘치는 인생의 전환을 맞이한다. ‘에드워드’와 돌이킬 수 없는 사랑에 빠져든 ‘벨라’. 하지만 ‘에드워드’와 그의 가족이 뱀파이어 일족이라는 사실을 알게 되고, 예기치 못한 운명에 빠져든다."
175,세 얼간이,Movie,2009,9,2시간 50분,드라마,코미디,,"Aamir Khan, R. Madhavan, Sharman Joshi, Kareena Kapoor Khan, Boman Irani, Omi Vaidya",Rajkumar Hirani,"천재들만 간다는 일류 명문대 ICE, 성적과 취업만을 강요하는 학교를 발칵 뒤집어 놓은 대단한 녀석 란초! 아버지가 정해준 꿈, ‘공학자’가 되기 위해 정작 본인이 좋아하는 일은 포기하고 공부만 하는 파파보이 파르한! 찢어지게 가난한 집, 병든 아버지와 식구들을 책임지기 위해 무조건 대기업에 취직해야만 하는 라주! 친구의 이름으로 뭉친 ‘세 얼간이’! 삐딱한 천재들의 진정한 꿈을 찾기 위한 세상 뒤집기 한판이 시작된다!"
183,이스케이프 룸,Movie,2019,7.3,1시간 40분,공포,스릴러,SF,"Taylor Russell, Logan Miller, Deborah Ann Woll, Jay Ellis, Nik Dodani, Tyler Labine",Adam Robitel,"거액의 상금이 걸린 방탈출 게임에 초대된 6명의 사람들. 성별, 연령, 출신도 모두 다른 이들은 오직 초대장만을 가지고 세계 최고의 방탈출 게임 회사 ‘미노스’에 모인다. 하지만 초대자는 나타나지 않고, 예고도 없이 시작되는 게임. 불태워 죽일 듯이 순식간에 방안의 온도가 상승하고 6명의 참가자는 탈출하기 위해 단서를 찾기 시작한다. 죽음의 공포 속에서 아슬아슬하게 다음 방으로 넘어간 참가자들은 오븐 룸, 아이스 룸, 업사이드다운 룸, 포이즌 룸, 일루전 룸, 크러쉬 룸을 거치며 이것이 평범한 게임이 아니란 걸 알게 되는데…"
188,수어사이드 스쿼드,Movie,2016,6.7,2시간 3분,판타지,액션,범죄,"Will Smith, Jared Leto, Margot Robbie, Joel Kinnaman, Viola Davis, Jai Courtney",David Ayer,"슈퍼맨의 사후, 점점 늘어가는 메타휴먼들에 국가적 위기를 느낀 아만다 월러 국장은 빌런들로 팀을 만들어 국가 위기상황에 대처하겠다는 계획을 세운다. 고고학자인 Dr. 준의 몸에 기생하게 된 마녀 인챈트리스는 자신의 심장을 차지한 월러국장의 말을 거역할 수 없다. 월러국장은 인챈트리스의 힘을 이용하여 수어사이드 스쿼드를 통제, 혹시 있을 메타휴먼에 대항하려 한다. 하지만 인챈트리스는 혼란을 틈타 도망쳐 오빠의 봉인을 풀고 그와 함께 이 세계를 멸망시키려 한다. 결국 수어사이드 스쿼드가 인챈트리스와 그의 오빠를 저지하기 위해 투입되는데..."
189,메멘토,Movie,2000,9,1시간 53분,스릴러,,,"Guy Pearce, Carrie-Anne Moss, Joe Pantoliano, Mark Boone Junior, Russ Fega, Jorja Fox",Christopher Nolan,"전직 보험 수사관이었던 레너드에게 기억이란 없다. 자신의 아내가 강간당하고 살해되던 날의 충격으로 기억을 10분 이상 지속시키지 못하는 단기 기억상실증 환자가 되었던 것이다. 그가 마지막으로 기억하고 있는 것은 자신의 이름이 레너드 셸비 라는 것과 아내가 강간당하고 살해당했다는 것, 그리고 범인은 존 G 라는 것이 전부. 레너드는 자신의 가정을 파탄 낸 범인을 찾기 위한 방법으로 메모와 문신을 사용하게 된다. 하지만 진실에 다가갈수록 자신의 기억, 주위 사람들에 대한 의심이 갈수록 커져만 가는데..."
190,리틀 포레스트,Movie,2018,7.9,1시간 43분,드라마,,,"Kim Tae-ri, Moon So-ri, Ryu Jun-yeol, Jin Ki-joo, Jun Guk-hyang, Park Won-sang",Yim Soon-rye,"서울에서 임용고시를 준비하던 혜원은 어느 겨울, 문득 짐을 챙겨 고향 미성리로 향한다. 집에 도착한 그녀가 가장 먼저 한 일은 꽝꽝 언 땅에 묻힌 배추를 꺼내 얼큰한 배춧국을 끓여먹는 것. 그날부터 혜원의 자급자족 농촌 라이프가 시작된다. 잠깐 쉬다가 금방 올라갈 거라고 믿었지만, 계절은 겨울로 시작해 봄, 여름, 가을을 거쳐 다시 겨울로 순환한다. 평생 마을을 떠나본 적 없는 그녀의 친구 은숙, 대기업에 다니다 귀촌해 농사꾼이 된 또 다른 친구 재하가 혜원과 함께다. 혜원은 친구들과 시간을 보내거나 직접 가꾼 작물로 요리를 해먹으며 지친 몸과 마음을 치유한다."
192,디파티드,Movie,2006,9.1,2시간 33분,스릴러,범죄,드라마,"Jack Nicholson, Leonardo DiCaprio, Matt Damon, Mark Wahlberg, Vera Farmiga, Martin Sheen",Martin Scorsese,남부 보스턴 매사추세츠 주 경찰청은 프랭크 코스텔로가 이끄는 막강한 세력을 지닌 보스턴 최대 범죄조직망을 일망타진하기 위해 신참 경찰 빌리 코스티건을 조직에 침투시킨다. 빌리가 경찰 뱃지를 반납하고 보스턴 길거리를 떠돌다 코스텔로의 신임을 얻기 위해 애쓰는 동안 또 다른 신참 콜린 설리반은 경찰청 내에서 승승장구하여 특별 수사반에 배치된다. 특별 수사반의 임무 역시 코스텔러를 제거하는 것. 그러나 사실 콜린은 경찰청에 투입된 코스텔로의 첩자. 경찰청의 동태를 사전에 코스텔로에게 알리는 게 그의 진짜 임무였던 것이다.
193,미드나잇 인 파리,Movie,2011,8.3,1시간 34분,판타지,코미디,로맨스,"Owen Wilson, Rachel McAdams, Kurt Fuller, Mimi Kennedy, Michael Sheen, Nina Arianda",Woody Allen,"약혼녀 이네즈와 파리로 여행 온 소설가 길. 파리의 화려함을 즐기고 싶어하는 이네즈와 달리 그곳의 낭만을 좋아하는 길은 홀로 파리의 밤거리를 산책하게 된다. 12시를 알리는 종이 울리는 순간 홀연히 나타난 클래식 푸조에 올라탄 길이 도착한 곳은 놀랍게도 1920년대 파리. 그 곳에서 그는 평소에 동경하던 헤밍웨이, 피카소, 달리 등 전설적 예술가들과 친구가 되어 매일 밤 꿈 같은 시간을 보낸다. 어느 날 헤밍웨이와 피카소의 연인 애드리아나를 만나게 된 길은 예술과 낭만을 사랑하는 매혹적인 그녀에게 빠져들게 되는데..."
194,센과 치히로의 행방불명,Movie,2001,9.4,2시간 2분,가족,판타지,애니메이션,"Rumi Hiiragi, Miyu Irino, Mari Natsuki, Takashi Naitō, Yasuko Sawaguchi, Tatsuya Gashūin",Hayao Miyazaki,평범한 열 살 짜리 소녀 치히로 식구는 이사 가던 중 길을 잘못 들어 낡은 터널을 지나가게 된다. 터널 저편엔 폐허가 된 놀이공원이 있었고 그곳엔 이상한 기운이 흘렀다. 인기척 하나 없는 이 마을의 낯선 분위기에 불길한 기운을 느낀 치히로는 부모님에게 돌아가자고 조르지만 부모님은 호기심에 들떠 마을 곳곳을 돌아다니기 시작한다. 어느 음식점에 도착한 치히로의 부모님은 그 곳에 차려진 음식들을 보고 즐거워하며 허겁지겁 먹어대다가 돼지로 변해버린다. 겁에 질려 당황하는 치히로에게 낯선 소년 하쿠가 나타나 빨리 이곳을 나가라고 소리치는데...
201,빽 투 더 퓨쳐,Movie,1985,9.2,1시간 56분,SF,코미디,,"Michael J. Fox, Christopher Lloyd, Lea Thompson, Crispin Glover, Thomas F. Wilson, Claudia Wells",Robert Zemeckis,"마티 맥플라이(마이클 J. 폭스)는 평범한 고등학생이다. 그런데 평소 친하게 지내던 괴상한 발명가 에메트 브라운 박사(크리스토퍼 로이드)가 스포츠카 드로리안을 개조해 타임머신을 만들고, 뜻밖의 사고로 브라운 박사가 테러범들에게 총을 맞고 위험해진 상황에서 마티는 30년 전으로 가게 된다. 극장 간판에는 2류 배우인 로널드 레이건이 보이고 청년인 아버지와 어머니를 보게 된다. 젊은 아버진 멍청하고, 어머니는 미래의 아들인 마티를 좋아해 야단이다. 마티가 미래로 가는 것을 도와 줄 사람은 30년 전인 젊은 브라운 박사뿐인데..."
203,너의 이름은.,Movie,2016,9.4,1시간 46분,드라마,애니메이션,판타지,"Ryunosuke Kamiki, Mone Kamishiraishi, Ryo Narita, Aoi Yuki, Nobunaga Shimazaki, Kaito Ishikawa",Makoto Shinkai,"시골에 사는 소녀 미츠하(가미시라이시 모네)는 어느 날 잠에서 깬 후 자신의 몸이 남자로 바뀐 걸 알게 된다. 같은 시간, 도쿄에 사는 소년 타키(가미키 류노스케) 역시 이 기이한 상황을 겪고 있다. 낯선 가족, 낯선 친구들, 낯선 풍경들... 서로에게 이어진 끈을 알게 된 둘은 둘만의 규칙을 정하고 점차 상황을 받아들이기 시작한다. 서로에게 남긴 메모를 확인하며 점점 친구가 되어가는 타키와 미츠하. 언제부턴가 더 이상 몸이 바뀌지 않자 자신들이 특별하게 이어져있었음을 깨달은 타키는 미츠하를 만나러 가는데..."
209,공각기동대 : 고스트 인 더 쉘,Movie,2017,6.9,1시간 47분,SF,범죄,드라마,"Scarlett Johansson, Takeshi Kitano, Michael Pitt, Pilou Asbæk, Chin Han, Juliette Binoche",Rupert Sanders,"인공지능 로봇을 신체에 접목해 삶을 연장시키는 사이버 기술이 발달하며 인간과 로봇의 경계가 무너진 가까운 미래, 강력 범죄와 테러 사건을 담당하는 엘리트 특수부대 섹션9. 인간과 인공지능이 결합해 탄생한 특수요원이자 섹션9을 이끄는 메이저(스칼렛 요한슨)는 세계를 위협하는 음모를 지닌 범죄 테러 조직을 저지하라는 임무를 받는다. 첨단 사이버 기술을 보유한 한카 로보틱스를 파괴하려는 범죄 테러 조직을 막기 위해 엘리트 특수부대 섹션9이 나서기 시작하고, 사건을 깊이 파고들수록 메이저는 자신의 과거와 존재에 대한 의문을 갖게 되는데..."
210,배트맨 비긴즈,Movie,2005,8.8,2시간 20분,드라마,액션,범죄,"Christian Bale, Michael Caine, Liam Neeson, Katie Holmes, Gary Oldman, Cillian Murphy",Christopher Nolan,"브루스 웨인은 어린 시절, 부모님이 길거리에서 피살되는 것을 눈 앞에서 지켜본 후 죄의식과 분노로 늘 고통 받는다. 복수의 욕망과 부모님의 가르침 사이에서 갈등하던 그는 악을 물리칠 방법을 터득하기 위해 고담시를 떠나 홀로 세상을 유랑하던 중 듀커드라는 수수께끼의 인물을 만나 가름침을 받고, 듀커드는 브루스에게 어둠의 사도들에 가입하라는 제안을 한다. 듀커드가 속해있는 어둠의 사도들은 라스 알 굴이 이끄는 범죄 소탕 조직. 그러나 브루스는 눈에는 눈, 이에는 이라는 강경책으로 응징하는 이들의 방법이 자신과는 맞지 않음을 깨닫고 고담시로 돌아온다."
214,쥬라기 월드,Movie,2015,7.7,2시간 4분,SF,스릴러,액션,"Chris Pratt, Bryce Dallas Howard, Ty Simpkins, Nick Robinson, Vincent D'Onofrio, BD Wong",Colin Trevorrow,"쥬라기 공원 사건에서 22년이 지난 후, 이슬라 누블라에서는 새로 열린 쥬라기 공원이 정상적으로 영업 중이다. 유전자 조작으로 탄생한 공룡들을 앞세운 쥬라기 월드는 지상 최대의 테마파크로 자리잡는다. 하지만 유전공학자들이 그 동안의 연구를 바탕으로 탄생시킨 새로운 유전자 조작 하이브리드 공룡들은 지능과 공격성을 끝없이 진화시키며 인간의 통제를 벗어날 조짐을 보인다. 한편 오랫동안 벨로시랩터를 연구해온 오웬 그래디(크리스 프랫)는 이런 시도에 반대하고, 그가 예상한 대로 이 하이브리드 공룡이 탈출하면서 공원은 아수라장이 되는데..."
219,부산행,Movie,2016,8.5,1시간 58분,공포,스릴러,액션,"Gong Yoo, Jung Yu-mi, Ma Dong-seok, Choi Woo-shik, Ahn So-hee, Kim Su-an",Yeon Sang-ho,"별거 중인 펀드 매니저 석우는 소원해진 딸 수안의 생일 소원을 들어주기 위해 아내가 있는 부산행 KTX에 오른다. 이내 열차는 좀비의 침투와 감염으로 아수라장으로 변하고, 전국적 재난 뉴스를 차내에서 접한 승객들의 생존가능성은 유일하게 초기 대응에 성공한 도시 부산까지 살아남은 채 도착할 수 있느냐에 달리게 된다. 열차에 몸을 실은 석우와 딸 수안, 상화와 성경 커플, 고등학생 영국, 진희, 그리고 노숙자와 중년의 비즈니스맨 용석은 감염된 사람들의 공격을 피해 열차 안에서 사투를 벌인다."
221,귀멸의 칼날 극장판 무한열차편,Movie,2020,9.4,1시간 57분,판타지,애니메이션,공포,"Natsuki Hanae, Akari Kito, Hiro Shimono, Yoshitsugu Matsuoka, Satoshi Hino, Takahiro Sakurai",Haruo Sotozaki,"혈귀로 변해버린 여동생 네즈코를 인간으로 되돌릴 단서를 찾아 비밀조직 귀살대에 들어간 탄지로. 젠이츠, 이노스케와 새로운 임무 수행을 위해 무한열차에 탑승 후 귀살대 최강 검사 염주 렌고쿠와 합류한다. 달리는 무한열차에서 승객들이 하나 둘 흔적 없이 사라지자 숨어있는 식인 혈귀의 존재를 직감하는 렌고쿠. 귀살대 탄지로 일행과 최강 검사 염주 렌고쿠는 어둠 속을 달리는 무한열차에서 모두의 목숨을 구하기 위해 예측불가능한 능력을 가진 혈귀와 목숨을 건 혈전을 시작하는데..."
225,엑시트,Movie,2019,7.8,1시간 43분,코미디,액션,,"Cho Jung-seok, Yoona, Goh Doo-shim, Park In-hwan, Kim Ji-young, Kang Ki-young",Lee Sang-geun,"대학교 산악 동아리 에이스 출신이지만 졸업 후 몇 년째 취업 실패로 눈칫밥만 먹는 용남은 온 가족이 참석한 어머니의 칠순 잔치에서 연회장 직원으로 취업한 동아리 후배 의주를 만난다. 어색한 재회도 잠시, 칠순 잔치가 무르익던 중 의문의 연기가 빌딩에서 피어 오르며 피할 새도 없이 순식간에 서울 도심은 유독가스로 뒤덮여 일대혼란에 휩싸이게 된다. 용남과 의주는 산악 동아리 시절 쌓아 뒀던 모든 체력과 스킬을 동원해 탈출을 향한 기지를 발휘하기 시작하는데…"
226,맨 인 블랙 3,Movie,2012,7.5,1시간 46분,SF,액션,코미디,"Will Smith, Tommy Lee Jones, Josh Brolin, Jemaine Clement, Emma Thompson, Michael Stuhlbarg",Barry Sonnenfeld,"알 수 없는 사건으로 현실이 뒤바뀌고 외계인의 공격으로 위험에 빠진 지구. 게다가 MIB 소속 베테랑 요원 ‘케이(토미 리 존스)’는 하룻밤 사이에 감쪽같이 사라진다. 모든 것을 원래대로 되돌릴 수 있는 사건의 열쇠를 쥐고 있는 유일한 사람은 ‘케이’뿐인데… 사라진 파트너를 찾고 그동안 감춰졌던 우주의 비밀을 캐내기 위해 ‘제이(윌 스미스)’요원은 과거로 위험한 시간여행을 떠나게 되고, 그 곳에서 심하게 젊은(?) ‘케이(조쉬 브롤린)’와 마주하게 된다. 이제 이 둘은 24시간 안에 우주의 비밀을 풀고 현재로 돌아와야만 하는 MIB 사상 최고의 미션에 도전하게 되는데!"
227,먼 훗날 우리,Movie,2018,8.2,2시간 0분,드라마,로맨스,,"Jing Boran, Zhou Dongyu, Tian Zhuangzhuang, Qu Zheming, Shi Yufei, Liu Qiheng",René Liu,"2007년 춘절, 귀향하는 기차에서 처음 만나 친구가 된 ‘린젠칭’(정백연)과 ‘팡샤오샤오’(주동우). 베이징에서 함께 꿈을 나누며 연인으로 발전하지만, 현실의 장벽 앞에 결국 가슴 아픈 이별을 하게 된다. 10년이 흐른 후, 두 사람은 북경행 비행기에서 운명처럼 재회하고 지난 시간들을 돌아보며 추억을 이야기하기 시작하는데…"
228,베이비 드라이버,Movie,2017,8.4,1시간 53분,범죄,드라마,음악,"Ansel Elgort, Kevin Spacey, Lily James, Jon Hamm, Jamie Foxx, Eiza González",Edgar Wright,"베이비(앤설 엘고트)는 탈출 전문 드라이버다. 은행 강도 등 범죄의 설계자인 박사(케빈 스페이스)에게 약점이 잡혀 일을 하고 있지만 손을 씻고 새로운 생활을 꿈꾼다. 어린 시절 교통사고를 당해 청력에 이상이 생긴 베이비는 이어폰을 끼고 음악을 들으며 안정을 유지한다. 어느 날 자주 가는 식당에서 종업원인 데보라(릴리 제임스)를 만나 마음을 나누는 베이비. 하지만 마지막인 줄 알았던 범죄는 그의 발목을 놓아주지 않고 배츠(제이미 폭스), 버디(존 햄), 달링(에이사 곤살레스)과 함께 최후의 한탕을 준비한다."
229,쥬만지: 새로운 세계,Movie,2017,7.7,1시간 59분,판타지,액션,코미디,"Dwayne Johnson, Jack Black, Kevin Hart, Karen Gillan, Nick Jonas, Bobby Cannavale",Jake Kasdan,"학교 창고를 청소하다가 낡은 ‘쥬만지’ 비디오 게임을 발견한 네 명의 아이들. 게임 버튼을 누르는 순간 화면 속으로 빨려 들어가버렸다! 거대한 몸집의 고고학자 닥터 브레이브스톤(드웨인 존슨)으로 변한 공부벌레 스펜서, 슈퍼 여전사 루비 라운드하우스(카렌 길런)가 된 운동신경 제로 마사, 저질체력의 동물학 전문가 무스 핀바(케빈 하트)가 된 예비 풋볼선수 프리지, 중년의 지도 연구학 교수 셸리 오베론(잭 블랙)으로 변해버린 SNS 중독 퀸카 베서니까지. 이들은 자신의 아바타가 가진 능력으로 게임 속 세계를 구하는 미션을 수행하고 현실로 돌아가야만 하는데…."
230,더 킹,Movie,2017,7.7,2시간 14분,범죄,다큐멘터리,액션,"Jo In-sung, Jung Woo-sung, Bae Sung-woo, Kim Ah-joong, Ryu Jun-yeol, Kim Eui-sung",Han Jae-rim,"권력의 정점에 서고픈 검사, 무소불위 권력을 쥐고 폼 나게 살고 싶었던 태수는 우여곡절 끝에 권력의 설계자 한강식을 만나 핵심 라인을 타고 승승장구 하게 된다. 정권이 교체되는 중요한 시기, 새로운 판을 짜며 기회를 노리던 이들 앞에 예상치 못한 위기가 닥치는데… 정의 따윈 헌신짝처럼 내다버린 그에게 지금 날아오는 것은 필연의 부메랑인가."
232,트랜스포머: 사라진 시대,Movie,2014,6.6,2시간 45분,SF,액션,,"Mark Wahlberg, Stanley Tucci, Nicola Peltz, Jack Reynor, Titus Welliver, Kelsey Grammer",Michael Bay,"시카고에서 벌어진 오토봇과 디셉티콘의 전투로 인해 수많은 사상자가 발생하고 도시가 처참하게 파괴되자 정부는 일부 오토봇을 제외한 트랜스포머에 대해 체포령을 내린다. 시카고 사태, 5년 후 대부분의 디셉티콘이 처벌되고 오토봇 역시 모습을 감춘 상황, 엔지니어 케이드 예거는 우연히 폐기 직전 고물차로 변해있던 옵티머스 프라임을 깨우게 된다. 그리고 그의 생존이 알려지자 옵티머스 프라임을 노리고 있던 어둠의 세력 역시 모습을 드러내기 시작한다. 전세계를 새로운 위협에 몰아넣을 거대한 음모, 사상 최대 가장 강력한 적에 맞서 옵티머스 프라임과 오토봇 군단은 목숨을 건 대결에 나서는데..."
237,헝거게임: 판엠의 불꽃,Movie,2012,8,2시간 22분,SF,판타지,스릴러,"Jennifer Lawrence, Josh Hutcherson, Liam Hemsworth, Woody Harrelson, Elizabeth Banks, Lenny Kravitz",Gary Ross,"12개의 구역으로 이루어진 독재국가 ‘판엠’이 체제를 유지하기 위해 만든 생존 전쟁 ‘헝거게임’. 일년에 한번 각 구역에서 추첨을 통해 두 명을 선발, 총 24명이 생존을 겨루게 되는 것. ‘헝거게임’의 추첨식에서 ‘캣니스’는 어린 여동생의 이름이 호명되자 동생을 대신해 참가를 자청하며 주목을 받는다. 과거 자신을 위기에서 구해줬던 ‘피타’ 역시 선발되어 미묘한 감정에 휩싸인다. ‘캣니스’는 금지구역에서 함께 사냥했던 ‘게일’에게 가족을 부탁하며 생존을 겨루게 될 판엠의 수도 ‘캐피톨’로 향하는데..."
243,나우 유 씨 미 2,Movie,2016,7.5,1시간 55분,스릴러,코미디,액션,"Jesse Eisenberg, Mark Ruffalo, Woody Harrelson, Morgan Freeman, Dave Franco, Daniel Radcliffe",Jon M. Chu,"3년 전, 전세계를 무대로 한 통쾌하고 짜릿한 완전범죄 매직쇼로 세계를 발칵 뒤집어 놓은 그들이 돌아왔다! 마술사기단은 더 강력해진 적에 의해 전세계 팬들이 보는 앞에서 함정에 빠지게 되고 세상의 모든 컴퓨터를 컨트롤할 수 있는 카드를 훔쳐야 하는 절체절명의 위기에 빠진다. 불가능한 마술로 명예 회복에 나선 마술사기단! 보고도 믿을 수 없는 완전범죄 매직쇼가 시작된다!"
245,맨 인 블랙,Movie,1997,8,1시간 38분,SF,코미디,액션,"Tommy Lee Jones, Will Smith, Linda Fiorentino, Vincent D'Onofrio, Rip Torn, Tony Shalhoub",Barry Sonnenfeld,뉴욕 경찰 에드워드(윌 스미스)는 용의자를 추적 중 그가 건물을 기어오르고 허공을 떠오르는 등의 장면을 목격한다. 용의자는 지구가 멸망할 것이라 주장하며 투신 자살을 하고 에드워드는 검은 양복을 입은 MIB요원 캐이(토미 리 존스)를 만난다. 캐이는 에드워드의 탁월한 능력을 알아차리고 그를 비밀 요원으로 발탁한다. MIB는 지구인의 모습으로 살고 있는 외계인들을 감시하고 외계인의 정체를 보호하며 혹시라도 일반인이 그들이 외계인임을 알아차리면 기억 말소 장치를 이용해 외계인들을 보호한다. 그러나 사악한 바퀴벌레 외계인 에드가가 지구에 침투해 오면서 이민외계인들은 불안해 하는 등 동요하기 시작한다. 이 때 지구를 방문한 외교 사절이 암살당하는 사건이 발생해 은하계가 전면전에 돌입하자 지구는 멸망의 위기에 처한다. 지구를 지키고 우주의 평화를 지키기 위해 에드워드와 케이는 에드가와의 결전을 준비하는데...
249,마이너리티 리포트,Movie,2002,8.2,2시간 25분,스릴러,SF,액션,"Tom Cruise, Colin Farrell, Samantha Morton, Max von Sydow, Peter Stormare, Tim Blake Nelson",Steven Spielberg,"2054년 워싱턴, 범죄를 예측하는 치안 시스템 프리크라임은 시민들의 안전을 지켜주는 든든한 존재. 프리크라임은 범죄가 일어날 시간과 장소, 범행을 저지를 사람까지 예측해내고, 이를 바탕으로 특수경찰이 미래의 범죄자들을 체포한다. 프리크라임 팀장인 존 앤더튼(톰 크루즈)은 천부적인 감각으로 미래의 범죄자를 추적해내는 능력을 인정받고 있다. 하지만 프리크라임 시스템은 믿을 수 없는 살인을 예견한다. 그것은 바로 앤더튼 자신이 누군가를 살해하는 범행 장면. 프리크라임의 모든 시스템이 앤더튼을 추격하는 가운데 앤더튼은 음모를 파헤치고 미래를 바꾸기 위해 직접 미래의 피살자를 찾아나선다."
250,스타 트렉: 더 비기닝,Movie,2009,8.5,2시간 7분,액션,SF,,"Chris Pine, Zachary Quinto, Zoe Saldana, Karl Urban, Bruce Greenwood, John Cho",J.J. Abrams,"지도자의 운명을 안고 태어났으나, 자신의 갈 길을 깨닫지 못한 채 방황하던 젊은 청년 커크는 우연한 기회로 엔터프라이즈호의 대원으로 입대하여 아버지를 잃었던 함선에 승선하게 된다. 아버지가 그랬던 것처럼 함선을 이끄는 함장이 되기 위해 엔터프라이즈호에서 우주 항해를 위한 훈련을 받기 시작하는 커크. 그는 자신과는 정반대로 냉철하고 이성적인 불칸족 스팍을 만나게 되고, 끊임없는 부딪힘 속에서 두 라이벌 커크와 스팍은 선의의 경쟁을 계속하게 된다. 패기 넘치는 첫 출격 이후 시행착오를 거듭하며 정식 대원의 자질을 갖춰가던 커크와 엔터프라이즈호의 대원들. 그러던 어느 날 불칸족의 행성과 엔터프라이즈호를 위협하는 파괴자의 존재가 감지되고, 복수를 위해 찾아온 네로 일당과 맞닥뜨린 이들은 인류의 미래를 위해 피할 수 없는 도전을 시작하게 되는데..."
256,섹스 앤 더 시티,Movie,2008,7.1,2시간 25분,코미디,드라마,로맨스,"Sarah Jessica Parker, Kim Cattrall, Kristin Davis, Cynthia Nixon, Chris Noth, Candice Bergen",Michael Patrick King,"여자들은 원하고, 남자들은 궁금해 하는 그녀들의 짜릿한 연애, 솔직한 섹스, 완벽한 스타일의 모든 것! 당신을 황홀하게 할 그녀들이 온다! 뉴욕을 대표하는 잘나가는 그녀들 캐리, 사만다, 샬롯, 미란다! 남부러울 것 없는 완벽한 직업, 가던 사람도 뒤돌아보게 만드는 화려한 스타일로 뉴욕을 사로잡은 그녀들에게도 고민은 있다! 그건 바로 ‘사랑’. 뉴욕을 대표하는 싱글녀이자 유명 칼럼니스트인 ‘캐리’는 오랜 연인인 ‘미스터 빅’과의 완벽한 사랑을 꿈꾸고, 10살 연하의 배우와 불꽃 같은 사랑에 빠진 ‘사만다’는 그를 따라 할리우드로 떠나지만 자유로운 섹스와 뉴욕, 그리고 우정에 목말라한다. 쿨하고 이지적인 변호사 ‘미란다’는 평화롭기만 했던 결혼 생활에 뜻밖의 위기를 맞이하고, 남부러울 것 없는 결혼생활을 하고 있지만 아이를 가질 수 없어 고민하던 ‘샬롯’에게는 반가운 소식이 찾아오는데! 화려한 도시 뉴욕에서 영원한 해피엔딩을 꿈꾸는 그녀들. 하지만 인생에는 항상 반전이 있기 마련! 해피엔딩을 꿈꾸는 그녀들의 섹스보다 솔직하고 연애보다 짜릿한 사랑이 시작된다!"
258,쥬라기 공원,Movie,1993,8.7,2시간 7분,SF,액션,스릴러,"Sam Neill, Laura Dern, Jeff Goldblum, Richard Attenborough, Bob Peck, Martin Ferrero",Steven Spielberg,"코스타리카 서해안의 한 섬에 세워진 테마 파크 쥬라기 공원. 최신 복제 기술로 살아난 공룡들이 활보하는 이곳에 공룡학자를 비롯한 각계의 전문가가 일반 공개에 앞서 정밀 안전 진단을 위한 투어에 나선다. 그러나 최첨단 컴퓨터 시스템으로 철저히 통제되고 있는 공룡들이 예기치 않은 사고로 폭주하게 되고, 여기에 설상가상으로 태풍까지 몰려오면서 일행들의 투어는 순식간에 생존을 위한 사투의 현장으로 뒤바뀌는데..."
1829,그 해 우리는,TV_Show,2021,10,1시간 6분,코미디,드라마,,"Choi Woo-shik, Kim Da-mi, Kim Sung-cheol, Roh Jeong-eui, Jeon Hye-Won, Park Jin-joo",Kim Yoon Jin,헤어진 연인이 고등학교 시절 촬영한 다큐멘터리의 역주행 인기로 강제 소환되면서 펼쳐지는 청춘들의 첫사랑 역주행 로맨스
1831,불가살,TV_Show,2021,,1시간 3분,SF,,,"Lee Jin-wook, Lee Joon, Kwon Na-ra, Gong Seung-yeon, Jung Jin-young, Kim Woo-seok",Jang Young Woo,"죽일 수도, 죽을 수도 없는 불가살(不可殺)이 된 남자가 600년 동안 환생을 반복하는 한 여자를 쫓는 슬프지만 아름다운 이야기"
1833,귀멸의 칼날,TV_Show,2019,9.7,26min,SF,판타지,스릴러,"Hiro Shimono, Yoshitsugu Matsuoka",Natsuki Hanae,"2019년 4월 Tokyo MX에서 방영을 시작한 애니메이션. 고토게 코요하루의 동명의 만화를 원작으로 한다. 다이쇼 시대, 가난하지만 가족들과 함께 행복한 일상을 보내던 카마도 탄지로. 설이 오기 전에 숯을 잔뜩 팔아 가족들을 배불리 먹여주고 싶었던 탄지로는 혼자 마을로 내려가 숯을 판다. 다음날이 밝고 집에 도착한 탄지로는 가족들이 처참하게 몰살당한 모습을 보고, 유일하게 살아있던 여동생 네즈코를 구하기 위해 그녀를 의사에게 데려가려 하지만 이미 네즈코는 사람을 잡아먹는 도깨비가 되어 있었다. 가혹한 운명의 사슬을 끊어내고 세상에서 혈귀를 멸하려, 지금 탄지로가 복수의 칼날을 높이 든다."
1834,홈랜드,TV_Show,2011,8.7,52min,전쟁,범죄,드라마,"Numan Acar, Nimrat Kaur, Mandy Patinkin, Linus Roache, Costa Ronin",Claire Danes,"미 해병대 보병 부사관인 니콜라스 브로디 하사는 이라크 자유작전(이라크 전쟁) 중 동료와 함께 정찰 임무를 수행하다 실종 후 사망한 것으로 추정되어 왔지만, 8년 후 미군의 알 카에다 급습작전 중 특수부대원들에 의해 테러조직 은신처에서 극적으로 구조된다. 8년 간 포로생활을 마치고 고국에 돌아온 브로디는 영웅 대접을 받는다. 하지만, CIA 요원인 캐리 매티슨은 몇 개월 전 자신의 정보원이 사형당하기 직전 자신에게 말한 ""알 카에다에 포섭된 미군 포로가 있다""는 정보를 토대로 브로디를 변절한 테러분자로 판단하고(살아돌아온 포로는 브로디가 유일했으므로) 브로디의 정체를 밝혀내려 노력한다는 내용의 스릴러 드라마."
1835,위쳐,TV_Show,2019,9.2,58min,액션,SF,드라마,"Anya Chalotra, Mimi Ndiweni",Henry Cavill,"2019년 12월 Netflix에서 방영을 시작한 판타지물. 안제이 삽코프스키의 동명의 판타지 소설 시리즈를 원작으로 한다. 사람들에게 악마의 창조물, 돌연변이라 불리는 고독한 괴물 사냥꾼 리비아의 게롤트가 운명을 향해 머나먼 여정을 떠난다. 때로는 인간이 괴물보다 사악하고 잔인한 이 세상에서, 그는 자신이 있어야 할 자리를 찾고자 고군분투한다. 하지만 운명은 그를 두 여인에게로 인도한다. 강력한 힘을 지닌 여자 마법사와 위험한 비밀을 간직한 공주. 세 사람은 점점 불안해지는 대륙에서 살아나갈 방법을 배워야만 한다. 운명으로 묶인 그들의 싸움이 시작된다."
1840,솔로지옥,TV_Show,2021,,1시간 0분,RealityTV,,,"Hong Jin-kyung, Hanhae",Lee Da-hee,"매력적인 싱글 남녀가 무인도에 갇혔다. 누군가와 커플이 되는 게 유일한 탈출 방법. 근데 커플들이 '천국도'로 이동해 밤을 불태울 때, 솔로는 '지옥도'에 남아 자급자족해야 한다고?"
1841,먹보와 털보,TV_Show,2021,,1시간 2분,RealityTV,,,"Noh Hong-chul, Rain",Kim Tae-ho,"비와 노홍철이 꿈에 그리던 바이크 여행을 떠난다. 전국을 돌며 맛과 멋, '멍'까지 찾아 나선다고. 유일한 공통점인 바이크로 찐친이 됐다는 두 남자의 좌충우돌 로드트립 버라이어티 쇼."
1842,지옥,TV_Show,2021,8.3,52min,SF,스릴러,범죄,"Yoo Ah-in, Kim Hyun-joo, Park Jeong-min, Won Jin-a, Yang Ik-june, Kim Do-yoon",Yeon Sang-ho,지옥으로부터의 고지를 받은 자는 어김 없이 예정된 시간에 지옥의 사자들에게 끌려간다. 그런 일이 서울 한복판에서 모두가 지켜보는 가운데 일어난다. 신흥 종교 단체 새진리회의 의장 정진수는 이것이 진정으로 현실 세계에서 일어나고 있는 신의 집행임을 사람들에게 설파한다. 한편 일부는 새진리회에 맞서 싸우며 사건의 실체를 밝히려 한다.
1855,아케인,TV_Show,2021,10,41min,SF,액션,드라마,"Kevin Alejandro, Jason Spisak, Toks Olagundoye, Harry Lloyd",Hailee Steinfeld,"지상 도시 필트오버와 그 아래의 지하 도시 자운. 극심하게 반목하는 두 쌍둥이 도시에서, 두 자매가 서로 반대편에 서서 싸우기에 이른다. 마법 기술과 신념의 충돌 속에서 전쟁이 시작된다."
1857,신세계로부터,TV_Show,2021,7.7,1시간 8분,RealityTV,,,"Park Na-rae, Eun Ji-won, Kai, Kim Hee-chul",Jo Bo-ah,유토피아 섬 '신세계'에서 가상 자금을 받아 6일간 머무르는 여섯 연예인. 마지막 날에 원화로 환전 가능한 이 자금을 모으려 매일 미션을 치른다. 승리를 위한 음모가 난무하는 리얼리티 쇼!
1858,그냥 사랑하는 사이,TV_Show,2017,8.7,1시간 13분,드라마,로맨스,,"Lee Jun-ho, Won Jin-a, Lee Ki-woo, Kang Han-na, Kim Hye-jun, Yoon Se-ah",Kim Jin-won,"어렸을 때 인생을 뒤흔든 사고에서 극적으로 살아남은 두 남녀가 서로의 상처를 보듬어가는 과정을 그린 드라마. 세찬 바람에도 꿋꿋이 버티고 견디며 일상을 살아가는 별 볼일 없어 보이기에 더 위대한 사람들, 그들이 그려나가는 따뜻한 사랑에 대한 이야기를 그린다."
1860,오징어 게임,TV_Show,2021,9,54min,액션,드라마,스릴러,"Jung Ho-yeon, Wi Ha-joon, Oh Yeong-su, Heo Sung-tae, Kim Joo-ryoung, Anupam Tripathi",Lee Jung-jae,빚에 쫓기는 수백 명의 사람들이 서바이벌 게임에 뛰어든다. 거액의 상금으로 새로운 삶을 시작하기 위해. 하지만 모두 승자가 될 순 없는 법. 탈락하는 이들은 치명적인 결과를 각오해야 한다.
1865,이누야샤,TV_Show,2000,9.1,25min,액션,SF,판타지,", , Kappei Yamaguchi, Satsuki Yukino",Yasunao Aoki,사혼의 구슬을 노리던 이누야사는 금강의 화살에 맞아 봉인되고 사혼의 구슬은 금강의 죽음과 함께 영원히 사라지게 된다. 이야기는 현대로 돌아가 오래된 신사에 사는 중학교 3학년 가영은 어느 날 우연히 사당 안에 있는 우물 속에서 나타난 지네요괴를 만나게 되고 자신도 모르는 사이에 전국시대로 넘어오게 된다. 숲에서 봉인된 이누야샤와 만난 가영은 또 다시 지네 요괴의 습격을 받게 되고 이 요괴의 퇴치를 위해 이누야사의 봉인을 풀게 되는데...
1866,카우보이 비밥,TV_Show,1998,9.5,25min,액션,드라마,SF,"Megumi Hayashibara, Aoi Tada",Koichi Yamadera,"1998년 4월 TV Tokyo에서 방영을 시작한 SF물. 21세기 후반 2071년, 미국의 서부시대와 같이 현상금 제도가 제정되어있는 세계. 스파이크 스피겔과 그 동료들은, 태양계를 중심으로 현상금 수배자를 붙잡는 일을 생계로 하고 있는 현상금 사냥꾼 카우보이다. 때때로 대물의 현상금 수배자를 붙잡는 일도 있지만, 거친 일처리 때문에 같이 휩쓸린 일반시민으로부터 배상청구도 많은 그들은 낡은 어선을 개조한 우주선 비밥호를 이동수단 겸 거주지로 하여, 매일같이 새로운 현상금 수배자를 찾아 넓은 태양계를 동분서주하는데..."
1867,릭 앤 모티,TV_Show,2013,10,22min,SF,코미디,애니메이션,"Spencer Grammer, Sarah Chalke",Justin Roiland,술에 절어 사는 천재 과학자 릭은 투정이 심한 10대 손자 모티를 데리고 외계와 대체 현실로 아슬아슬한 모험을 떠난다.
1868,굿 닥터,TV_Show,2017,9.4,42min,드라마,,,"Hill Harper, Christina Chang, Paige Spara, Fiona Gubelmann, Will Yun Lee, Bria Samoné Henderson",Freddie Highmore,자폐증을 가진 젊은 외과 의사가 명문 병원에 들어가게된다. 이에 사람들과 소통하지 못하는 의사가 사람의 목숨을 구할 수 있을 까 하는 의문이 제기되는데...
1870,사우스 파크,TV_Show,1997,9.5,22min,코미디,애니메이션,,"Mona Marshall, April Stewart",Trey Parker,"사우스 파크 마을에 사는 꼬맹이 4인방. 생김새는 평범하지만 입은 거칠고 생각은 험하다. 정치, 연예, 문화, 시사까지 성역 없이 던져지는 녀석들의 돌직구. 사우스 파크만의 사이다 멘트와 블랙 유머가 살아있는 어른용 애니메이션."
1873,워킹 데드,TV_Show,2010,9.2,45min,액션,SF,드라마,"Lauren Cohan, Christian Serratos, Josh McDermitt, Seth Gilliam, Ross Marquand, Khary Payton",Norman Reedus,"2010년 10월 AMC에서 방영을 시작한 좀비 아포칼립스물. 조지아 주의 보안관 릭은 범인 검거 중에 총상을 입고 혼수상태에 빠진다. 어느 날 혼수 상태에서 깨어난 릭은 폐허가 되어 버린 세상이 좀비들로 뒤덮여 있는 것을 발견한다. 쇠약해진 몸으로 병원을 빠져나온 릭은 워커라고 불리는 좀비들을 피해 생존자를 찾아다니고, 마을의 생존자 모건 부자의 도움을 받아 건강을 회복한 후 아내 로리와 아들 칼을 찾으러 애틀랜타로 떠나지만, 릭을 반긴 것은 셀 수 없이 많은 워커 무리들. 간신히 전차 내부로 피신한 릭을 백화점에 숨어있던 생존자 일행이 도와서 겨우 전차에서 빠져나오는데..."
1874,로스트 인 스페이스,TV_Show,2018,8.4,49min,SF,스릴러,액션,"Maxwell Jenkins, Taylor Russell, Mina Sundwall, Ignacio Serricchio, Parker Posey",Molly Parker,지구보다 나은 삶을 향해 우주로 떠난 로빈슨 가족. 이주지로 향하던 도중 불시착하고 만다. 모든 것이 수상한 미지의 행성. 매 순간 새로운 위험에서 살아남아라!
1878,"에밀리, 파리에 가다",TV_Show,2020,8.2,29min,드라마,코미디,로맨스,"Philippine Leroy-Beaulieu, Lucas Bravo, Samuel Arnold, Camille Razat, Bruno Gouery",Lily Collins,"봉주르, 파리! 낭만의 도시에서 꿈의 직장을 갖게 된 에밀리. 프랑스어는 못하지만, 마케팅이라면 자신 있다. 그러나 쉽지 않은 인생. 사랑과 우정은 여기서도 복잡하다."
1880,나의 아저씨,TV_Show,2018,9.5,1시간 19분,드라마,가족,,"Lee Sun-kyun, IU, Goh Doo-shim, Park Ho-san, Song Sae-byuk, Lee Ji-ah",Kim Won-seok,"2018년 3월 tvN에서 방영을 시작한 드라마. 여기 아저씨가 있다. 우러러 볼만한 경력도, 부러워할 만한 능력도 없다. 그저 순리대로 살아갈 뿐이다. 그러나 그속엔 아홉살 소년의 순수성이 있고, 타성에 물들지 않은 날카로움도 있다. 인간에 대한 본능적인 따뜻함과 우직함도 있다. 우리가 잊고 있었던 인간의 매력을 보여주는 아저씨. 그를 보면, 맑은 물에 눈과 귀를 씻은 느낌이 든다. 길거리에 넘쳐나는 흔하디 흔한 아저씨들. 허릅하고 한심하게 보이던 그들이, 사랑스러워 죽을 것이다. 눈물 나게 낄낄대며 보다가, 끝내 펑펑 울 것이다."
1882,진격의 거인,TV_Show,2013,9.7,24min,SF,액션,애니메이션,"Marina Inoue, Kisho Taniyama, Hiro Shimono, Yoshimasa Hosoya, Takehito Koyasu, Natsuki Hanae",Yuki Kaji,"100여 년 전 갑자기 나타난 거인들에 의해 멸종 위기에 처한 인류는 거대한 벽을 쌓고 그 안에서 살아가고 있다. 에렌은 바깥 세계를 동경하며, 언젠가 저 방벽 밖으로 나가겠다는 꿈을 키우고 있었다. 그러던 어느 날, 60m가 넘는 초대형 거인의 등장으로 벽은 무너지고, 거인들이 벽 안으로 들어와 사람들을 잡아먹기 시작한다. 절규와 죽음으로 가득한 절망적인 상황에서 거인에게 어머니 카를라를 비롯한 소중한 사람들을 빼앗긴 엘런은 복수를 맹세하고, 사무친 복수심을 원동력으로 삼아 만 12세에 훈련병단의 훈련병으로 지원한다."
1893,나는 SOLO,TV_Show,2021,,1시간 9분,,,,"Defconn, Jun Hyo-seong, Lee Yi-kyung",Nasangwon,"나가자~! 커플로!!! 눈물 없이 볼 수 없는 청춘남녀들의 달콤살벌한 로맨스가 시작된다!결혼을 간절히 원하는 솔로 남녀들이 모여 사랑을 찾기 위해 고군분투하는 극사실주의 솔로탈출 대서사시!'SOLO'인 자는 누구나 출연 자격이 있다! 능력, 매력 캐릭터 장착자 일반인 출연자들이 사랑 앞에 더욱 솔직해진 복잡 미묘한 사랑이야기가 온몸의 연애세포를 깨어나게 만든다"
1896,네모바지 스폰지밥,TV_Show,1999,8.5,19min,가족,SF,애니메이션,"Rodger Bumpass, Clancy Brown, Carolyn Lawrence, Mr. Lawrence, Mary Jo Catlett",Tom Kenny,"깊은 태평양 바닷속, '비키니 씨티'라는 해저도시에 사는 네모낳고 노란 해면동물 '스폰지밥'과 친구들의 이야기를 그린 애니메이션"
1898,멜로가 체질,TV_Show,2019,9,1시간 4분,드라마,코미디,로맨스,"Chun Woo-hee, Jeon Yeo-been, Han Ji-eun, Ahn Jae-hong, Gong Myoung, Yoon Ji-on",Lee Byeong-heon,"서른, 견디기 힘든 현실 속에서도 서른 살 이기에 아직 꿈을 꾸는 그들. 일과 연애에 대한 고민을 친구들에게 털어놓고 위로 받으며 한 걸음씩 성장하는 서른 살 그녀들의 판타지. 비록 현재 처한 상황이 녹록치 않을지라도! 이룬 것이 단 하나도 없을지라도! 그래도 꿋꿋하게 나아가는 대한민국의 모든 서른 들에게 이 드라마를 바친다."
1904,타인은 지옥이다,TV_Show,2019,8.8,1시간 0분,드라마,로맨스,범죄,"Yim Si-wan, Lee Dong-wook, Park Jong-hwan, Lee Jung-eun, Kim Ji-eun, Ahn Eun-jin",Lee Chang-hee,"모든 것이 낯선 고시원을 배경으로 수상한 사람들의 이야기를 다루는 스릴러 드라마. 어느 날 윤종우에게 걸려온 전화 한 통. 서울에서 창업을 했는데 일손이 필요하다는 대학 선배인 재호다. 풀리는 일 없는 고향 생활에 내심 지겨움을 느끼던 종우는 흔쾌히 상경을 결정하고, 서울 변두리의 낡은 고시원에 입주하는데... 그 날 밤부터 시작된 고시원 사람들의 기행! 하나, 둘 없어지는 사람들, 이어지는 소름 끼치는 상황들. 그들이 이상한 건지, 자신이 이상한 건지 점차 혼란을 느끼기 시작하는 종우. 그리고 종우는 어느새, 자신이 지옥의 한 가운데 있었음을 깨닫게 되는데..."
1905,가십걸,TV_Show,2007,8.8,42min,드라마,스릴러,로맨스,"Penn Badgley, Chace Crawford, Ed Westwick, Kelly Rutherford, Matthew Settle, Kaylee DeFer",Blake Lively,맨해튼의 사립학교에 다니는 특권층 학생들은 만사에 제멋대로 행동하며 부유층의 특권을 누린다. 그러나 한 익명의 블로거가 이들의 행적을 사사건건 주시하고 있다.
1915,호텔 델루나,TV_Show,2019,9.2,1시간 19분,판타지,공포,로맨스,"IU, Yeo Jin-goo, Jung Dong-hwan, Shin Jung-geun, Bae Hae-sun, Pyo Ji-hoon",Oh Choong-hwan,"2019년 7월 tvN에서 방영을 시작한 드라마. 서울 시내 가장 번화한 명동 한복판의 가장 금싸라기 땅에 자리 잡고 있는 낡고 허름한 건물. 언뜻보면 재건축을 준비하고 있는 빈 건물인 듯도 보이지만 자세히 보면 영업 중인 호텔이다. 그 앞을 지나는 수백만의 유동인구가 있지만 정작 그 호텔 안으로 들어가는 손님은 거의 없다. 낮에는. 밤이 깊어 인적이 끊기고 도심이 잠들 때, 간판에 불이 켜지는 호텔 델루나. 령빈(靈賓)전용 호텔 델루나에는 엘리트 호텔리어 구찬성이 지배인으로 근무하며, 괴팍하고 심술궂은 사장 장만월과 함께 특별한 영혼손님들에게 특급 서비스를 제공하는데..."
1916,지정생존자,TV_Show,2016,8.2,44min,전쟁,액션,드라마,"Kal Penn, Adan Canto, Italia Ricci, Emiliano Díez",Kiefer Sutherland,무자비한 폭탄 테러로 삽시간에 아수라장이 된 워싱턴. 주목받지 못하던 장관 톰 커크먼이 혼돈의 정부를 책임지고 나아가는 수밖에 없다. 사상 최악의 위기에 빠진 미합중국을 무사히 이끌어야 할 막중한 책임이 그에게 주어진다.
1919,돌싱글즈,TV_Show,2021,,1시간 23분,,,,"Kim Ji Eun, Park Jin Young, Kim Min Jong",Park Sun Hye,"한 번의 아픔을 겪은 매력만점 동싱 남녀들, 한 번 겪었기에 더 과감하고, 더 치명적인 돌싱들의 리얼 연애 프로젝트 서로의 마음이 통한다면, 기다릴 필요없이 바로 첫날 밤을 향해 돌진!

알콩달콩 썸보다는 진하고 치명적인 돌직구로, 이혼남녀 직진 로맨스"
1920,아는 형님,TV_Show,2015,9.1,1시간 31분,코미디,RealityTV,,"Hong Sang-hoon, Kim Sun-hyung, Park Da-eun, Kim Jung-hun, Ha Ho-jin, ",Choi Chang-soo,"2015년 12월 JTBC에서 방영을 시작한 버라이어티 쇼. 세상의 모든 질문을 그들만의 방식으로 풀어주는 아는 형님. 인생을 살다 보면 마주치게 되는 사소하지만 궁금해 견딜 수 없는 질문들. 그럴 땐 질문하라. 아는 형님이 답할 것이다. 나이도, 출신도, 성격도, 외모도 전혀 다르지만 인생 좀 살아 본, 그래서 인생을 좀 아는 형님들이 모여 그들만의 방식으로 추측하고 실험하고 전해주는 아는 형님만의 인생 해답. 지금부터 우리에게 속 시원한 답을 주기 위해 벌이는 형님들의 고군분투가 시작된다."
1936,보이스,TV_Show,2017,7.9,1시간 2분,범죄,스릴러,액션,"Lee Ha-na, Song Seung-heon, Son Eun-seo, Kim Joong-ki, Baek Sung-hyun, Song Boo-Gun",Shin Yong Hwi,"우리가 목숨걸고 지킨 '3분'은 누군가의 인생이다. 상담원이라는 별명으로 불리며 가장 변방으로 취급 받지만, 사실 삶과 죽음을 가르는 가장 긴박한 순간들이 모인 '112 신고센터'. '3분 도착, 5분 현장 확인, 10분 검거'의 긴박한 타임 리밋 속에서 범죄현장의 골든타임을 사수하는 112 신고센터 대원들의 치열한 기록을 생생하게 담아내고, 우리 인생의 골든타임, 결코 포기해서는 안되는 그 순간의 용기에 대해 이야기한다. 범죄 현장의 골든타임을 사수하는 112 신고센터 대원들의 치열한 기록을 그린 드라마"
1937,도깨비,TV_Show,2016,9.5,1시간 20분,드라마,SF,코미디,"Lee Dong-wook, Yoo In-na, Yook Sung-jae, Lee El, Jo Woo-jin, Yoon Kyung-ho",Gong Yoo,"신부를 찾아야 죽을 수 있는 남자. 불멸의 고통에 힘겹던 어느 날, 신부라고 주장하는 여학생이 나타났다. 대책 없이 그를 소환하고 대책 없이 삶에 파고드는 소녀. 정녕 신부를 만난 것이냐. 그럼 이제 소멸할 수 있는 것이냐."
1941,미스터 션샤인,TV_Show,2018,9.2,1시간 16분,드라마,액션,역사,"Lee Byung-hun, Kim Tae-ri, Yoo Yeon-seok, Kim Min-jung, Byun Yo-han, Kim Gab-soo",Lee Eung-bok,"2018년 7월 tvN에서 방영을 시작한 드라마. 신미양요(1871년)때 부모를 잃고 미 해군 군함 콜로라도 호에 승선해 미국에 떨어진 노비 출신 소년 유진(이병헌). 미국으로 건너가 갖은 차별을 이겨내고 군인이 된 그는 자신을 버린 조국인 조선으로 와 주둔하게 된다. 그에게 조선이란 제 부모를 때려죽인 나라이자, 자신이 도망쳐 나온 나라였으며, 양반들이 개화의 탈을 쓰고 앞다투어 매국을 하는 야만의 나라일 뿐이었다. 그러던 중 그는 남들 몰래 조선의 독립을 위해 싸우는 조선 최고 명문가의 영애, 애신(김태리)을 만나게 되는데..."
1942,맛있는 녀석들,TV_Show,2015,7.4,1시간 7분,코미디,,,", , Kim Joon-hyun, Yoo Min-sang, Moon Se-yoon, Kim Min-kyoung",김대웅,코미디TV의 먹방 음식 정보 프로그램으로 매주 금요일 저녁 8시 20분에 방송한다. 먹어본 자가 맛을 안다! 맛 좀 아는 녀석들의 신개념 먹방 제안 프로그램.
1955,나쁜 녀석들: 악의 도시,TV_Show,2017,7.6,1시간 10분,액션,애니메이션,코미디,"Joo Jin-mo, Song Young-chang, Ji Soo, Hong Ji-yoon, Ju Jin-mo, Park Joong-hoon",Yang Ik-june,"정의보다 돈과 출세가 우선하는 대한민국. 하지만 우리는 여전히 나쁜 사람은 벌을 받기를 원한다. 판을 짜는 검사, 전직 조폭, 또라이 형사 등이 한 팀이 되어 부패한 기득권 집단에 통쾌한 한방을 날린다. 새로운 정의를 구현하기 위해 악을 악으로 응징하는 극한의 카타르시스. 강력범죄를 저지른 이들을 모아 더 나쁜 악을 소탕하려 하는 강력계 형사와 나쁜 녀석들의 이야기를 그린 드라마"
1956,위 베어 베어스: 곰 브라더스,TV_Show,2015,8.7,13min,애니메이션,코미디,가족,Bobby Moynihan,Eric Edelstein,"2015년 7월 Cartoon Network에서 방영을 시작한 애니메이션. 애니메이션 제작자인 다니엘 정의 웹툰 The Three Bare Bears를 원작으로 한다. 부모 없이 자란 곰 삼형제인 그리즐리와 판다, 아이스 베어가 샌프란시스코 베이 에어리어에서 사람들처럼 음식을 구매하고 사람들과 친구 관계를 맺거나 인터넷 상에서 유명해지기 위해 노력하는 등 사람들과 함께 지내기 위해 갖은 시도를 하면서 일어나는 일을 그린 작품이다. 그들의 목적은 그리즐리의 경우 더 많은 사람들과 친해지기, 판다는 여자친구 사귀기 정도. 하지만 캐릭터의 성격상 잘 될 것 같지가 않은데..."
1959,갓 오브 하이스쿨,TV_Show,2020,8.7,23min,액션,SF,판타지,"Kentaro Kumagai, Daisuke Namikawa, Yuki Kaida, Asami Tano, Kenji Hamada, Chikahiro Kobayashi",Tatsumaru Tachibana,"전국, 전세계 고등학생 중 가장 쎈 녀석을 뽑는 대회가 열린다. 허구 100% 막장 액션의 끝!! 기대하시라!!!"
1962,설국열차,TV_Show,2020,8,47min,SF,스릴러,액션,"Mickey Sumner, Alison Wright, Annalise Basso",Jennifer Connelly,"2020년 4월 TNT와 Netflix에서 방영을 시작한 SF물. 봉준호 감독의 영화 설국열차의 시점보다 10년 앞선 2021년을 배경으로 한다. 지구가 얼어붙어 불모의 땅으로 변한 지 7년. 살아남은 인류라곤 기차에 올라탄 사람들뿐이다. 춥고 배고픈 사람들이 바글대는 빈민굴 같은 꼬리칸, 그리고 선택된 사람들이 술과 마약까지 즐기며 호화로운 객실을 뒹굴고 있는 앞쪽칸. 열차 안의 세상은 결코 평등하지 않다. 살아남으려면 끝없이 달려야 한다. 마지막 인류를 싣고 선로를 따라 순환하는 열차. 조금만 미끄러져도 파멸이 다가온다. 그래도 혁명을 포기할 수는 없다. 그들의 목적지는 어디일까."
1965,개미는 오늘도 뚠뚠,TV_Show,2020,,19min,RealityTV,,,"DinDin, Lee Mi-joo, Onew",Noh Hong-chul,"개미 지망생 1020 주린이들을 위한 뚠뚠한 현실사 교육 프로그램! 손절의 아이콘, 망투자의 귀재 노홍철과 함께 하는 알기 쉬운 경제 레벨 떡상 프로젝트"
1968,퀸스 갬빗,TV_Show,2020,9.5,56min,드라마,스포츠,,"Bill Camp, Marielle Heller, Moses Ingram, Chloe Pirrie, Marcin Dorociński, Thomas Brodie-Sangster",Anya Taylor-Joy,"1950년대 말, 버려져서 켄터키의 한 고아원에 맡겨지는 어린 베스 하먼. 주 정부가 어린이들에게 진정제로 제공하는 진통제에 중독되는 과정에서, 베스는 체스에 대한 놀라운 재능을 발견한다. 자신의 문제들에 시달리면서, 중독성 있는 약물과 강한 집착에 힘입은 베스. 소녀는 남성이 지배하는 프로 체스 세계의 전통적인 경계를 정복하겠다는 의지를 불태우면서, 엄청난 기술을 가진 매력적인 외톨이로 변신한다. 그녀는 인생의 전부인 꿈을 이룰 수 있을까."
1969,헬'S 키친,TV_Show,2005,7.7,44min,RealityTV,,,,Gordon Ramsay,"지옥의 주방이 열리면 살벌한 전쟁이 시작된다. 경쟁에서 지면 한 명씩 퇴출. 하지만 극강의 요리 실력을 증명해 최종 우승하면 호화 레스토랑에서 일할 기회가! 독설가로 유명한 영국의 스타 셰프, 고든 램지가 진행하는 리얼리티 쇼."
1974,비밀의 숲,TV_Show,2017,9.3,1시간 6분,드라마,스릴러,범죄,"Cho Seung-woo, Bae Doo-na, Lee Jun-hyuk, Yoon Se-ah, Jung Sung-il, Choi Jae-woong",Park Hyun-seok,"감정을 느끼지 못하는 외톨이 검사 황시목이, 정의롭고 따뜻한 형사 한여진과 함께 검찰 스폰서 살인사건과 그 이면에 숨겨진 진실을 파헤치는 내부 비밀 추적극. 처음엔 검찰 조직 내부의 비리에서 촉발된 것으로 보였던 사건은 범인의 의도도, 향방도 알 수 없는 미궁에 빠지는데..."
1977,시그널,TV_Show,2016,9,1시간 11분,범죄,SF,스릴러,"Lee Je-hoon, Kim Hye-soo, Cho Jin-woong, Jang Hyun-sung, Jung Hae-kyun, Kim Won-hae",Kim Won-seok,"간절함이 보내온 신호 ""우리의 시간은 이어져있다."" 현재의 형사들과 과거의 형사가 낡은 무전기로 교감을 나누며 장기 미제사건을 다시 파헤친다. 본의 아니게 연예인 스토킹 혐의로 경찰조사를 받게 된 해영은, 그날 밤 경찰서 한 구석에서 낡은 무전기 하나를 발견한다. 무전기를 통해 해영에게 말을 건네는 ‘이재한’이라는 이름의 형사. 놀랍게도 그 사람은 15년 동안 미제로 남아있던 김윤정 유괴사건에 대한 단서를 가르쳐주는데..."
1981,"나만 믿고 따라와, 도시어부",TV_Show,2017,,1시간 50분,RealityTV,,,Jang Do-yeon,Lee Deok-hwa,자타공인 연예계를 대표하는 낚시꾼들이 자신들만의 황금어장으로 함께 떠나는 낚시 여행 버라이어티 프로그램
1985,원펀맨,TV_Show,2015,9.5,24min,액션,코미디,애니메이션,"Kenjiro Tsuda, Aoi Yuki, Hiroki Yasumoto, Saori Hayami, Makoto Furukawa, Kaito Ishikawa",Kazuhiro Yamaji,"취업활동이 막힌 청년 ‘사이타마’는 어느 날 거리에서 날 뛰던 괴인으로부터 턱이 갈라진 소년을 구한다. 그때 ‘히어로가 되고 싶다’는 어린 시절 꿈을 떠올리며 취업을 그만두고 히어로가 되는 것을 결의한다. 3년간의 특훈으로 어떠한 적이라도 일격에 쓰러뜨릴 수 있는 무적 파워를 손에 넣지만, 그 보상으로 머리카락을 전부 잃게 된다. 하지만 너무 강해진 나머지 어떤 강적을 상대해도 원펀치로 끝내 버렸다. ‘압도적인 힘이란, 재미없는 거야’ 라는 생각을 하며 긴장감을 잃고 무기력한 나날을 보내던 사이타마 앞에 새로운 적들은 끊임없이 나타나는데…오늘이야 말로 진심을 다해 싸울 수 있을 것인가?"
1988,이태원 클라쓰,TV_Show,2020,9,1시간 9분,드라마,로맨스,,"Park Seo-jun, Kim Da-mi, Kwon Na-ra, You Chea-myung, Ahn Bo-hyun, Kim Dong-hee",Kim Seong-yoon,"불합리한 세상 속, 고집과 객기로 뭉친 청춘들의 ‘힙’한 반란이 시작된다. 세계를 압축해 놓은 듯 한 이태원. 이 작은 거리, 각자의 가치관으로 자유를 쫓는 그들의 창업 신화. 박새로이는 무릎 한 번을 꿇지 못해서 고등학교 중퇴, 전과자가 되었다. 재벌의 갑질로 인해 꿈, 가족 모두를 잃고 끝없는 나락 속에서 우연히 걷게 된 이태원 거리. 다양한 인종, 느낌 있는 이국적인 건축물, 자유로운 사람들, 각국의 맛있는 요리들. 세계가 압축된 듯한 이태원에서 자유를 느낀 그는, 다시금 희망을 품고 반해버린 이곳 이태원 골목에서 뜻이 맞는 동료들과 창업을 시작한다."
2003,킹덤,TV_Show,2019,9.1,48min,액션,SF,스릴러,"Bae Doo-na, Kim Sang-ho, Kim Sung-kyu, Jun Suk-ho, Kim Hye-jun, Park Byung-eun",Ju Ji-hoon,"2019년 1월 Netflix에서 방영을 시작한 좀비물. 병든 왕을 둘러싸고 흉흉한 소문이 떠돈다. 왕에게 이상한 일이 벌어지고 있다는 걸 알게 된 왕세자 이창이 왕을 진료한 의원을 찾아 나선다. 어둠에 뒤덮인 조선, 기이한 역병에 신음하는 산하. 동래 지휼현에 왔다가 역병의 실체를 보게 되고, 호위무사인 무영과 함께 이 병이 전국적으로 퍼져나가는 걸 막기 위해 싸운다. 정체 모를 악에 맞서 백성을 구원할 희망은 오직 세자뿐인데..."
2012,D.P.,TV_Show,2021,9,1시간 2분,액션,,,"Jung Hae-in, Koo Kyo-hwan, Kim Sung-kyun, Son Suk-ku",Han Jun-hee,탈영병을 잡는다. 이등병 준호에게 떨어진 새로운 임무. 그는 탈영병들을 추적하며 지독하게 고통스러운 현실을 마주한다. 그리고 아무리 도망쳐도 벗어날 수 없다는 것도 알게 된다.
