id,title,keyword
53,부서져 흩어지는 모습을 보여줄게,마음
53,부서져 흩어지는 모습을 보여줄게,하리
53,부서져 흩어지는 모습을 보여줄게,학년
61,신들의 봉우리,시작
61,신들의 봉우리,추적
61,신들의 봉우리,실종
81,세븐틴 어게인,위기
81,세븐틴 어게인,중년
81,세븐틴 어게인,발견
85,감당 불가 크리스마스,위기
85,감당 불가 크리스마스,가족
85,감당 불가 크리스마스,기싸움
85,감당 불가 크리스마스,이모
85,감당 불가 크리스마스,시작
86,하프 브라더스,미국
86,하프 브라더스,여정
86,하프 브라더스,아버지
86,하프 브라더스,와일드
86,하프 브라더스,멕시코
88,마스터 클렌즈,악마
88,마스터 클렌즈,내면
88,마스터 클렌즈,주스
88,마스터 클렌즈,참가
109,캘리포니아 크리스마스: 도시의 불빛,결혼식
109,캘리포니아 크리스마스: 도시의 불빛,조지프
109,캘리포니아 크리스마스: 도시의 불빛,가족
114,로미오와 줄리엣,원수
114,로미오와 줄리엣,그녀
114,로미오와 줄리엣,운명
114,로미오와 줄리엣,가의
135,다마카: 더 테러 라이브,기회
135,다마카: 더 테러 라이브,대가
135,다마카: 더 테러 라이브,일생일대
135,다마카: 더 테러 라이브,충격
135,다마카: 더 테러 라이브,재기
135,다마카: 더 테러 라이브,모른다
150,The Witcher: Nightmare of the Wolf,사내
150,The Witcher: Nightmare of the Wolf,운명
150,The Witcher: Nightmare of the Wolf,가난
1829,그 해 우리는,역주행
1829,그 해 우리는,강제
1829,그 해 우리는,청춘
1829,그 해 우리는,촬영
1829,그 해 우리는,시절
1829,그 해 우리는,연인
1831,불가살,환생
1831,불가살,이야기
1831,불가살,수도
1833,귀멸의 칼날,탄지
1833,귀멸의 칼날,시작
1833,귀멸의 칼날,시대
1833,귀멸의 칼날,고토
1834,홈랜드,브로디
1834,홈랜드,판단
1834,홈랜드,직전
1834,홈랜드,변절
1834,홈랜드,포로
1834,홈랜드,용의
1835,위쳐,대륙
1835,위쳐,안제이
1835,위쳐,동명
1835,위쳐,방법
1835,위쳐,창조물
1840,솔로지옥,무인도
1840,솔로지옥,커플
1841,먹보와 털보,로드
1841,먹보와 털보,트립
1841,먹보와 털보,유일
1841,먹보와 털보,바이크
1841,먹보와 털보,좌충우돌
1841,먹보와 털보,공통점
1842,지옥,현실
1842,지옥,지옥
1842,지옥,가운데
1855,아케인,도시
1855,아케인,서서
1855,아케인,전쟁
1855,아케인,자운
1855,아케인,마법
1857,신세계로부터,가상
1857,신세계로부터,난무
1857,신세계로부터,환전
1857,신세계로부터,자금
1857,신세계로부터,일간
1858,그냥 사랑하는 사이,상처
1858,그냥 사랑하는 사이,사고
1860,오징어 게임,결과
1860,오징어 게임,거액
1860,오징어 게임,게임
1860,오징어 게임,서바이벌
1865,이누야샤,금강
1865,이누야샤,사혼
1865,이누야샤,지네
1865,이누야샤,사이
1865,이누야샤,가영
1865,이누야샤,봉인
1866,카우보이 비밥,현상금
1866,카우보이 비밥,태양계
1866,카우보이 비밥,세계
1866,카우보이 비밥,수배자
1866,카우보이 비밥,일반
1866,카우보이 비밥,배상
1867,릭 앤 모티,모험
1867,릭 앤 모티,현실
1868,굿 닥터,의사
1868,굿 닥터,자폐증
1868,굿 닥터,의문
1868,굿 닥터,제기
1868,굿 닥터,소통
1868,굿 닥터,병원
1870,사우스 파크,사우스
1870,사우스 파크,어른
1870,사우스 파크,생김새
1870,사우스 파크,파크
1870,사우스 파크,녀석
1870,사우스 파크,인방
1873,워킹 데드,생존자
1873,워킹 데드,전차
1873,워킹 데드,방영
1873,워킹 데드,애틀랜타
1874,로스트 인 스페이스,위험
1874,로스트 인 스페이스,도중
1874,로스트 인 스페이스,지구
1874,로스트 인 스페이스,가족
1878,"에밀리, 파리에 가다",프랑스어
1878,"에밀리, 파리에 가다",마케팅
1880,나의 아저씨,만한
1880,나의 아저씨,아저씨
1880,나의 아저씨,방영
1882,진격의 거인,거인
1882,진격의 거인,훈련병
1882,진격의 거인,어머니
1882,진격의 거인,복수심
1893,나는 SOLO,사랑
1893,나는 SOLO,극사실주의
1893,나는 SOLO,로맨스
1893,나는 SOLO,솔로
1893,나는 SOLO,탈출
1893,나는 SOLO,온몸
1893,나는 SOLO,대서사
1896,네모바지 스폰지밥,친구
1896,네모바지 스폰지밥,스폰지
1896,네모바지 스폰지밥,시티
1896,네모바지 스폰지밥,해면동물
1898,멜로가 체질,서른
1898,멜로가 체질,록지
1898,멜로가 체질,친구
1898,멜로가 체질,고민
1904,타인은 지옥이다,종우
1904,타인은 지옥이다,서울
1904,타인은 지옥이다,고시원
1904,타인은 지옥이다,대학
1904,타인은 지옥이다,그날
1904,타인은 지옥이다,일손
1905,가십걸,만사
1905,가십걸,행동
1905,가십걸,특권층
1905,가십걸,사립
1905,가십걸,학교
1905,가십걸,사사건건
1915,호텔 델루나,호텔
1915,호텔 델루나,특급
1915,호텔 델루나,근무
1915,호텔 델루나,괴팍
1915,호텔 델루나,방영
1915,호텔 델루나,수백만
1915,호텔 델루나,영혼
1916,지정생존자,삽시간
1916,지정생존자,책임
1916,지정생존자,폭탄
1919,돌싱글즈,치명
1919,돌싱글즈,서로
1919,돌싱글즈,마음
1919,돌싱글즈,동생
1920,아는 형님,방식
1920,아는 형님,인생
1920,아는 형님,방영
1920,아는 형님,만의
1936,보이스,골든
1936,보이스,타임
1936,보이스,신고
1936,보이스,센터
1936,보이스,사수
1936,보이스,범죄
1936,보이스,인생
1936,보이스,별명
1937,도깨비,대책
1937,도깨비,여학생
1937,도깨비,신부
1937,도깨비,주장
1937,도깨비,고통
1937,도깨비,소녀
1941,미스터 션샤인,조선
1941,미스터 션샤인,방영
1941,미스터 션샤인,양반
1941,미스터 션샤인,드라마
1942,맛있는 녀석들,먹방
1942,맛있는 녀석들,매주
1942,맛있는 녀석들,프로그램
1942,맛있는 녀석들,코미디
1942,맛있는 녀석들,정보
1942,맛있는 녀석들,개념
1955,나쁜 녀석들: 악의 도시,극한
1955,나쁜 녀석들: 악의 도시,강력범
1955,나쁜 녀석들: 악의 도시,카타르시스
1955,나쁜 녀석들: 악의 도시,정의
1956,위 베어 베어스: 곰 브라더스,애니메이션
1959,갓 오브 하이스쿨,전국
1959,갓 오브 하이스쿨,대회
1959,갓 오브 하이스쿨,세계
1959,갓 오브 하이스쿨,허구
1959,갓 오브 하이스쿨,막장
1962,설국열차,파멸
1962,설국열차,열차
1965,개미는 오늘도 뚠뚠,귀재
1965,개미는 오늘도 뚠뚠,손절
1965,개미는 오늘도 뚠뚠,개미
1965,개미는 오늘도 뚠뚠,아이콘
1965,개미는 오늘도 뚠뚠,교육
1968,퀸스 갬빗,의지
1968,퀸스 갬빗,베스
1968,퀸스 갬빗,진정제
1968,퀸스 갬빗,경계
1968,퀸스 갬빗,문제
1969,헬'S 키친,호화
1969,헬'S 키친,강의
1969,헬'S 키친,최종
1969,헬'S 키친,전쟁
1969,헬'S 키친,진행
1974,비밀의 숲,검찰
1974,비밀의 숲,내부
1974,비밀의 숲,감정
1974,비밀의 숲,진실
1974,비밀의 숲,촉발
1974,비밀의 숲,스폰서
1977,시그널,형사
1977,시그널,김윤정
1977,시그널,현재
1977,시그널,이름
1977,시그널,무전기
1981,"나만 믿고 따라와, 도시어부",황금
1981,"나만 믿고 따라와, 도시어부",대표
1981,"나만 믿고 따라와, 도시어부",낚시
1981,"나만 믿고 따라와, 도시어부",여행
1981,"나만 믿고 따라와, 도시어부",프로그램
1981,"나만 믿고 따라와, 도시어부",자타
1985,원펀맨,진심
1985,원펀맨,오늘
1988,이태원 클라쓰,자유
1988,이태원 클라쓰,이태원
1988,이태원 클라쓰,중퇴
1988,이태원 클라쓰,창업
1988,이태원 클라쓰,거리
1988,이태원 클라쓰,건축물
2003,킹덤,무영
2003,킹덤,역병
2012,D.P.,지독
2012,D.P.,현실
2012,D.P.,추적
2012,D.P.,이등병
2012,D.P.,고통
0,모가디슈,정만식
0,모가디슈,한국
0,모가디슈,신파
0,모가디슈,액션
0,모가디슈,연출
0,모가디슈,조인성
0,모가디슈,감동
1,베놈,마블
1,베놈,청불
1,베놈,개연
1,베놈,액션
2,스파이더맨,스파이더맨
2,스파이더맨,토비
2,스파이더맨,히어로
2,스파이더맨,어메이징
2,스파이더맨,맥과이어
2,스파이더맨,영웅
2,스파이더맨,시리즈
3,스파이더맨: 뉴 유니버스,스파이더맨
3,스파이더맨: 뉴 유니버스,애니
3,스파이더맨: 뉴 유니버스,소니
3,스파이더맨: 뉴 유니버스,영상
3,스파이더맨: 뉴 유니버스,연출
3,스파이더맨: 뉴 유니버스,음악
4,스파이더맨: 홈커밍,스파이더맨
4,스파이더맨: 홈커밍,마블
4,스파이더맨: 홈커밍,토비
4,스파이더맨: 홈커밍,아이언맨
4,스파이더맨: 홈커밍,역대
4,스파이더맨: 홈커밍,히어로
4,스파이더맨: 홈커밍,최악
5,파워 오브 도그,제인
5,파워 오브 도그,베네딕트
5,파워 오브 도그,연출
5,파워 오브 도그,캠피온
5,파워 오브 도그,컴버배치
5,파워 오브 도그,긴장감
5,파워 오브 도그,스릴러
6,돈 룩 업,현실
6,돈 룩 업,블랙
6,돈 룩 업,코미디
6,돈 룩 업,풍자
6,돈 룩 업,재난
6,돈 룩 업,미국
6,돈 룩 업,정치
7,스파이더맨: 파 프롬 홈,스파이더맨
7,스파이더맨: 파 프롬 홈,마블
7,스파이더맨: 파 프롬 홈,피터
7,스파이더맨: 파 프롬 홈,아이언맨
7,스파이더맨: 파 프롬 홈,시리즈
7,스파이더맨: 파 프롬 홈,액션
7,스파이더맨: 파 프롬 홈,토니
8,어메이징 스파이더맨,스파이더맨
8,어메이징 스파이더맨,어메이징
8,어메이징 스파이더맨,토비
8,어메이징 스파이더맨,액션
8,어메이징 스파이더맨,앤드루
8,어메이징 스파이더맨,엠마
8,어메이징 스파이더맨,시리즈
9,더 플랫폼,결말
9,더 플랫폼,인간
9,더 플랫폼,소재
9,더 플랫폼,메시지
9,더 플랫폼,사회
9,더 플랫폼,잔인
10,인질,황정민
10,인질,인질
10,인질,긴장감
10,인질,몰입
10,인질,경찰
10,인질,연출
11,스파이더맨 2,스파이더맨
11,스파이더맨 2,토비
11,스파이더맨 2,히어로
11,스파이더맨 2,시리즈
11,스파이더맨 2,어메이징
11,스파이더맨 2,영웅
11,스파이더맨 2,명작
12,프라미싱 영 우먼,캐리
12,프라미싱 영 우먼,결말
12,프라미싱 영 우먼,멀리건
12,프라미싱 영 우먼,피해자
12,프라미싱 영 우먼,복수
12,프라미싱 영 우먼,현실
12,프라미싱 영 우먼,주인공
13,어메이징 스파이더맨 2,스파이더맨
13,어메이징 스파이더맨 2,액션
13,어메이징 스파이더맨 2,어메이징
13,어메이징 스파이더맨 2,예고편
13,어메이징 스파이더맨 2,시리즈
13,어메이징 스파이더맨 2,마블
13,어메이징 스파이더맨 2,캡틴
14,"틱, 틱... 붐!",앤드루
14,"틱, 틱... 붐!",뮤지컬
14,"틱, 틱... 붐!",가필드
14,"틱, 틱... 붐!",조너선
14,"틱, 틱... 붐!",노래
14,"틱, 틱... 붐!",극장
14,"틱, 틱... 붐!",라슨
16,레이니 데이 인 뉴욕,우디
16,레이니 데이 인 뉴욕,티머시
16,레이니 데이 인 뉴욕,뉴욕
16,레이니 데이 인 뉴욕,앨런
16,레이니 데이 인 뉴욕,재즈
16,레이니 데이 인 뉴욕,영상미
16,레이니 데이 인 뉴욕,피아노
18,기적,감동
18,기적,박정민
18,기적,눈물
18,기적,가족
18,기적,윤아
18,기적,반전
26,언포기버블,산드라
26,언포기버블,블록
26,언포기버블,눈물
26,언포기버블,감동
26,언포기버블,가슴
26,언포기버블,사랑
26,언포기버블,동생
27,아이 씨 유,반전
27,아이 씨 유,정도
27,아이 씨 유,예상
27,아이 씨 유,스릴러
27,아이 씨 유,긴장감
27,아이 씨 유,인생
28,스파이더맨 3,스파이더맨
28,스파이더맨 3,토비
28,스파이더맨 3,시리즈
28,스파이더맨 3,어메이징
28,스파이더맨 3,피터
29,스노우 화이트,현대판
29,스노우 화이트,백설
29,스노우 화이트,영상
32,쇼생크 탈출,인생
32,쇼생크 탈출,명작
32,쇼생크 탈출,희망
32,쇼생크 탈출,감동
32,쇼생크 탈출,자유
34,캐롤,사랑
34,캐롤,눈빛
34,캐롤,캐럴
34,캐롤,케이트
34,캐롤,아름
34,캐롤,블란쳇
34,캐롤,장면
35,장고: 분노의 추적자,타란티노
35,장고: 분노의 추적자,쿠엔틴
35,장고: 분노의 추적자,왈츠
35,장고: 분노의 추적자,장고
35,장고: 분노의 추적자,크리스토프
35,장고: 분노의 추적자,슐츠
35,장고: 분노의 추적자,통쾌
36,가려진 시간,강동원
36,가려진 시간,여운
36,가려진 시간,영상
36,가려진 시간,동화
36,가려진 시간,아역
36,가려진 시간,성민
36,가려진 시간,판타지
37,이터널 선샤인,사랑
37,이터널 선샤인,기억
37,이터널 선샤인,이해
37,이터널 선샤인,인생
37,이터널 선샤인,추억
37,이터널 선샤인,헤어
38,라라랜드,뮤지컬
38,라라랜드,인생
38,라라랜드,남자
38,라라랜드,음악
38,라라랜드,노래
38,라라랜드,사랑
38,라라랜드,최악
39,애비규환,크리스털
39,애비규환,정수정
39,애비규환,가족
39,애비규환,연출
46,크루즈 패밀리: 뉴 에이지,가족
46,크루즈 패밀리: 뉴 에이지,어른
46,크루즈 패밀리: 뉴 에이지,영상
46,크루즈 패밀리: 뉴 에이지,감동
46,크루즈 패밀리: 뉴 에이지,어린이날
46,크루즈 패밀리: 뉴 에이지,크루즈
47,그녀,사랑
47,그녀,스칼렛
47,그녀,감정
47,그녀,영상
47,그녀,요한슨
47,그녀,목소리
48,그래비티,우주
48,그래비티,영상
48,그래비티,지구
48,그래비티,그래비티
48,그래비티,인생
48,그래비티,맥스
49,50가지 그림자: 해방,그레이
49,50가지 그림자: 해방,노래
49,50가지 그림자: 해방,시리즈
49,50가지 그림자: 해방,사랑
50,랑종,공포
50,랑종,다큐
50,랑종,곡성
50,랑종,홍진
51,비바리움,기분
51,비바리움,공포
51,비바리움,결말
51,비바리움,소름
51,비바리움,미스터리
52,칠드런 액트,에마
52,칠드런 액트,톰슨
52,칠드런 액트,여운
52,칠드런 액트,사랑
52,칠드런 액트,소년
52,칠드런 액트,원작
54,용쟁호투,이소룡
54,용쟁호투,액션
54,용쟁호투,작품
54,용쟁호투,무술
54,용쟁호투,카리스마
54,용쟁호투,싱하
54,용쟁호투,전설
59,로맨틱 홀리데이,로맨틱
59,로맨틱 홀리데이,사랑
59,로맨틱 홀리데이,크리스마스
59,로맨틱 홀리데이,행복
59,로맨틱 홀리데이,주드
59,로맨틱 홀리데이,마음
60,에이리언: 커버넌트,에일리언
60,에이리언: 커버넌트,프로메테우스
60,에이리언: 커버넌트,데이비드
60,에이리언: 커버넌트,시리즈
60,에이리언: 커버넌트,스콧
60,에이리언: 커버넌트,리들리
60,에이리언: 커버넌트,창조
62,아이 필 프리티,자존
62,아이 필 프리티,르네
62,아이 필 프리티,여자
62,아이 필 프리티,주인공
62,아이 필 프리티,외모
65,미드 90,연대
65,미드 90,감성
65,미드 90,영상
65,미드 90,시절
66,서치,반전
66,서치,연출
66,서치,몰입
66,서치,신선
66,서치,컴퓨터
66,서치,소름
67,레드 노티스,킬링
67,레드 노티스,라이언
67,레드 노티스,액션
67,레드 노티스,레이놀즈
67,레드 노티스,반전
71,위대한 개츠비,개츠비
71,위대한 개츠비,사랑
71,위대한 개츠비,데이지
71,위대한 개츠비,디카프리오
71,위대한 개츠비,여운
71,위대한 개츠비,원작
74,셔터 아일랜드,반전
74,셔터 아일랜드,디카프리오
74,셔터 아일랜드,대사
74,셔터 아일랜드,정신
74,셔터 아일랜드,소름
74,셔터 아일랜드,명작
74,셔터 아일랜드,결말
75,처음 만나는 자유,졸리
75,처음 만나는 자유,위노나
75,처음 만나는 자유,라이더
75,처음 만나는 자유,앤젤리나
75,처음 만나는 자유,자유
76,디스트릭트 9,외계인
76,디스트릭트 9,인간
76,디스트릭트 9,명작
76,디스트릭트 9,후속
76,디스트릭트 9,잔인
77,와일드라이프,캐리
77,와일드라이프,가족
77,와일드라이프,부모
77,와일드라이프,가정
77,와일드라이프,아들
77,와일드라이프,이야기
79,싱크홀,재난
79,싱크홀,감동
79,싱크홀,싱크홀
79,싱크홀,웃음
79,싱크홀,한국
82,인디아나 존스: 레이더스,존스
82,인디아나 존스: 레이더스,모험
82,인디아나 존스: 레이더스,인디아나
82,인디아나 존스: 레이더스,어드벤처
82,인디아나 존스: 레이더스,시작
82,인디아나 존스: 레이더스,명작
82,인디아나 존스: 레이더스,스필버그
83,인생은 아름다워,인생
83,인생은 아름다워,아버지
83,인생은 아름다워,감동
83,인생은 아름다워,아름
83,인생은 아름다워,아들
83,인생은 아름다워,눈물
84,악인전,마동석
84,악인전,김무열
84,악인전,액션
84,악인전,한국
84,악인전,김성규
84,악인전,오버
84,악인전,김규리
87,원스 어폰 어 타임 인… 할리우드,타란티노
87,원스 어폰 어 타임 인… 할리우드,브래드
87,원스 어폰 어 타임 인… 할리우드,피트
87,원스 어폰 어 타임 인… 할리우드,쿠엔틴
87,원스 어폰 어 타임 인… 할리우드,샤론
87,원스 어폰 어 타임 인… 할리우드,디카프리오
87,원스 어폰 어 타임 인… 할리우드,할리우드
89,노팅 힐,사랑
89,노팅 힐,줄리아
89,노팅 힐,로맨스
89,노팅 힐,그랜
89,노팅 힐,로버츠
89,노팅 힐,명작
89,노팅 힐,인생
90,예스맨,캐리
90,예스맨,긍정
90,예스맨,유쾌
90,예스맨,샤넬
90,예스맨,교훈
90,예스맨,한국
91,올 더 머니,스콧
91,올 더 머니,리들리
91,올 더 머니,미셸
91,올 더 머니,크리스토퍼
91,올 더 머니,연출
91,올 더 머니,실화
92,찰리와 초콜릿 공장,조니
92,찰리와 초콜릿 공장,초콜릿
92,찰리와 초콜릿 공장,버튼
92,찰리와 초콜릿 공장,윌리
92,찰리와 초콜릿 공장,인생
94,더 길티,제이크
94,더 길티,질런홀
95,점퍼,주인공
95,점퍼,소재
95,점퍼,액션
95,점퍼,순간이동
95,점퍼,점퍼
95,점퍼,능력
96,레미제라블,뮤지컬
96,레미제라블,감동
96,레미제라블,작품
96,레미제라블,콘서트
96,레미제라블,노래
96,레미제라블,레미
96,레미제라블,제라
96,레미제라블,극장
97,동주,윤동주
97,동주,부끄
97,동주,시인
97,동주,흑백
97,동주,동주
97,동주,송몽규
98,잭 리처,액션
98,잭 리처,크루즈
98,잭 리처,리처
98,잭 리처,추리
98,잭 리처,전개
98,잭 리처,나름
98,잭 리처,미션
99,아가씨,김민희
99,아가씨,박찬욱
99,아가씨,실망
99,아가씨,기분
99,아가씨,변태
106,핵소 고지,전쟁
106,핵소 고지,감동
106,핵소 고지,신념
106,핵소 고지,실화
106,핵소 고지,양심
106,핵소 고지,종교
106,핵소 고지,평론가
107,빅 쇼트,경제
107,빅 쇼트,이해
107,빅 쇼트,금융
107,빅 쇼트,다큐
107,빅 쇼트,고의
108,그것만이 내 세상,이병헌
108,그것만이 내 세상,감동
108,그것만이 내 세상,박정민
108,그것만이 내 세상,피아노
108,그것만이 내 세상,눈물
108,그것만이 내 세상,가슴
110,범죄도시,윤계상
110,범죄도시,마동석
110,범죄도시,액션
110,범죄도시,마블링
110,범죄도시,조선족
112,클라우스,크리스마스
112,클라우스,감동
112,클라우스,산타
112,클라우스,마음
112,클라우스,눈물
113,매드 맥스: 분노의 도로,액션
113,매드 맥스: 분노의 도로,어벤저스
113,매드 맥스: 분노의 도로,매드
113,매드 맥스: 분노의 도로,대박
113,매드 맥스: 분노의 도로,테론
115,인비저블 게스트,반전
115,인비저블 게스트,스릴러
115,인비저블 게스트,몰입
115,인비저블 게스트,소름
115,인비저블 게스트,대박
115,인비저블 게스트,예상
116,패딩턴,패딩턴
116,패딩턴,감동
116,패딩턴,마음
116,패딩턴,사랑
117,더 킹: 헨리 5세,티머시
117,더 킹: 헨리 5세,전쟁
117,더 킹: 헨리 5세,헨리
117,더 킹: 헨리 5세,전투
117,더 킹: 헨리 5세,역사
118,기생충,기분
118,기생충,가난
118,기생충,기생충
118,기생충,봉준호
118,기생충,불쾌
118,기생충,가족
118,기생충,냄새
119,남한산성,역사
119,남한산성,이병헌
119,남한산성,사극
119,남한산성,한국
119,남한산성,김윤석
119,남한산성,감동
120,헤이트풀8,타란티노
120,헤이트풀8,쿠엔틴
120,헤이트풀8,긴장감
120,헤이트풀8,대사
120,헤이트풀8,한국
120,헤이트풀8,초반
121,어바웃 타임,감동
121,어바웃 타임,인생
121,어바웃 타임,사랑
121,어바웃 타임,로맨스
121,어바웃 타임,가슴
121,어바웃 타임,교훈
121,어바웃 타임,레이첼
122,고스트 버스터즈,고스트
122,고스트 버스터즈,버스터
122,고스트 버스터즈,원작
122,고스트 버스터즈,추억
122,고스트 버스터즈,시리즈
122,고스트 버스터즈,감동
122,고스트 버스터즈,예전
123,암수살인,주지훈
123,암수살인,김윤석
123,암수살인,사투리
123,암수살인,한국
123,암수살인,범죄
123,암수살인,형사
123,암수살인,장면
124,극한직업,웃음
124,극한직업,한국
124,극한직업,억지
124,극한직업,수준
124,극한직업,관객
124,극한직업,공명
127,이미테이션 게임,베네딕트
127,이미테이션 게임,앨런
127,이미테이션 게임,튜링
127,이미테이션 게임,천재
127,이미테이션 게임,컴버배치
127,이미테이션 게임,실화
127,이미테이션 게임,소름
128,퍼시픽 림,로봇
128,퍼시픽 림,액션
128,퍼시픽 림,스케일
128,퍼시픽 림,거대
128,퍼시픽 림,정도
128,퍼시픽 림,트랜스포머
129,수퍼 소닉,소닉
129,수퍼 소닉,캐리
129,수퍼 소닉,게임
129,수퍼 소닉,추억
129,수퍼 소닉,유치
129,수퍼 소닉,테일즈
130,극장판 포켓몬스터: 뮤츠의 역습 EVOLUTION,포켓몬
130,극장판 포켓몬스터: 뮤츠의 역습 EVOLUTION,뮤츠
130,극장판 포켓몬스터: 뮤츠의 역습 EVOLUTION,아들
130,극장판 포켓몬스터: 뮤츠의 역습 EVOLUTION,눈물
130,극장판 포켓몬스터: 뮤츠의 역습 EVOLUTION,극장판
131,엑스 마키나,로봇
131,엑스 마키나,인간
131,엑스 마키나,인공
131,엑스 마키나,결말
131,엑스 마키나,반전
131,엑스 마키나,몰입
137,포레스트 검프,인생
137,포레스트 검프,포레스트
137,포레스트 검프,검프
137,포레스트 검프,감동
137,포레스트 검프,명작
137,포레스트 검프,초콜릿
138,나를 찾아줘,소름
138,나를 찾아줘,스릴러
138,나를 찾아줘,여자
138,나를 찾아줘,장면
138,나를 찾아줘,반전
140,맘마 미아!,노래
140,맘마 미아!,뮤지컬
140,맘마 미아!,음악
140,맘마 미아!,아바
140,맘마 미아!,아만다
140,맘마 미아!,메릴
141,추격자,하정우
141,추격자,김윤석
141,추격자,한국
141,추격자,슈퍼
141,추격자,스릴러
141,추격자,경찰
141,추격자,아줌마
142,올드보이,한국
142,올드보이,박찬욱
142,올드보이,작품
142,올드보이,명작
142,올드보이,올드
142,올드보이,최민식
142,올드보이,연출
143,혼자 사는 사람들,승연
143,혼자 사는 사람들,공감
143,혼자 사는 사람들,주인공
143,혼자 사는 사람들,요즘
143,혼자 사는 사람들,현실
143,혼자 사는 사람들,모습
144,원초적 본능,샤론
144,원초적 본능,스릴러
144,원초적 본능,매력
144,원초적 본능,명작
144,원초적 본능,원초
144,원초적 본능,스톤
144,원초적 본능,본능
148,그레이의 50가지 그림자,여자
148,그레이의 50가지 그림자,남자
148,그레이의 50가지 그림자,쓰레기
148,그레이의 50가지 그림자,로맨스
149,해바라기,김래원
149,해바라기,명작
149,해바라기,인생
149,해바라기,해바라기
149,해바라기,오태식
149,해바라기,한국
149,해바라기,속이
152,클래식,손예진
152,클래식,조승우
152,클래식,멜로
152,클래식,사랑
152,클래식,인생
152,클래식,명작
152,클래식,클래식
153,기억의 밤,강하늘
153,기억의 밤,반전
153,기억의 밤,김무열
153,기억의 밤,스릴
153,기억의 밤,긴장
153,기억의 밤,몰입
153,기억의 밤,대박
154,낙원의 밤,차승원
154,낙원의 밤,엄태구
154,낙원의 밤,누아르
154,낙원의 밤,신세계
154,낙원의 밤,박훈정
154,낙원의 밤,연출
156,라이언 일병 구하기,전쟁
156,라이언 일병 구하기,명작
156,라이언 일병 구하기,라이언
156,라이언 일병 구하기,일병
156,라이언 일병 구하기,인생
156,라이언 일병 구하기,스필버그
157,바이스,정치
157,바이스,미국
157,바이스,크리스천
157,바이스,베일
157,바이스,체니
157,바이스,연출
157,바이스,쿠키
158,캐치 미 이프 유 캔,실화
158,캐치 미 이프 유 캔,디카프리오
158,캐치 미 이프 유 캔,천재
158,캐치 미 이프 유 캔,사기
158,캐치 미 이프 유 캔,프랭크
158,캐치 미 이프 유 캔,명작
159,터미네이터 2: 심판의 날,명작
159,터미네이터 2: 심판의 날,터미네이터
159,터미네이터 2: 심판의 날,액션
159,터미네이터 2: 심판의 날,아널드
159,터미네이터 2: 심판의 날,작품
163,판의 미로: 오필리아와 세개의 열쇠,판타지
163,판의 미로: 오필리아와 세개의 열쇠,동화
163,판의 미로: 오필리아와 세개의 열쇠,명작
163,판의 미로: 오필리아와 세개의 열쇠,현실
163,판의 미로: 오필리아와 세개의 열쇠,잔혹
163,판의 미로: 오필리아와 세개의 열쇠,오필리아
166,승리호,한국
166,승리호,신파
166,승리호,정도
166,승리호,우리나라
166,승리호,우주
168,1987,가슴
168,1987,엔딩
168,1987,역사
168,1987,강동원
168,1987,눈물
168,1987,감사
171,트와일라잇,시리즈
171,트와일라잇,뱀파이어
171,트와일라잇,트와일라잇
171,트와일라잇,에드워드
171,트와일라잇,인생
171,트와일라잇,판타지
171,트와일라잇,사랑
175,세 얼간이,인생
175,세 얼간이,감동
175,세 얼간이,인도
175,세 얼간이,교훈
175,세 얼간이,명작
183,이스케이프 룸,큐브
183,이스케이프 룸,스릴
183,이스케이프 룸,탈출
183,이스케이프 룸,쏘우
183,이스케이프 룸,몰입
188,수어사이드 스쿼드,할리퀸
188,수어사이드 스쿼드,조커
188,수어사이드 스쿼드,캐릭터
188,수어사이드 스쿼드,마고
188,수어사이드 스쿼드,악당
189,메멘토,기억
189,메멘토,이해
189,메멘토,천재
189,메멘토,전개
189,메멘토,놀런
189,메멘토,크리스토퍼
190,리틀 포레스트,힐링
190,리틀 포레스트,마음
190,리틀 포레스트,류준열
190,리틀 포레스트,시골
190,리틀 포레스트,일본
190,리틀 포레스트,리틀
192,디파티드,무간도
192,디파티드,디카프리오
192,디파티드,디파티드
192,디파티드,명작
192,디파티드,연출
192,디파티드,긴장
192,디파티드,결말
193,미드나잇 인 파리,파리
193,미드나잇 인 파리,과거
193,미드나잇 인 파리,우디
194,센과 치히로의 행방불명,애니
194,센과 치히로의 행방불명,작품
194,센과 치히로의 행방불명,명작
194,센과 치히로의 행방불명,지브리
194,센과 치히로의 행방불명,인생
201,빽 투 더 퓨쳐,명작
201,빽 투 더 퓨쳐,여행
201,빽 투 더 퓨쳐,연대
201,빽 투 더 퓨쳐,시대
201,빽 투 더 퓨쳐,옛날
203,너의 이름은.,애니
203,너의 이름은.,일본
203,너의 이름은.,성우
203,너의 이름은.,이름
203,너의 이름은.,인생
209,공각기동대 : 고스트 인 더 쉘,원작
209,공각기동대 : 고스트 인 더 쉘,스칼렛
209,공각기동대 : 고스트 인 더 쉘,요한슨
209,공각기동대 : 고스트 인 더 쉘,애니
209,공각기동대 : 고스트 인 더 쉘,공각
209,공각기동대 : 고스트 인 더 쉘,기동대
209,공각기동대 : 고스트 인 더 쉘,액션
209,공각기동대 : 고스트 인 더 쉘,영상
210,배트맨 비긴즈,배트맨
210,배트맨 비긴즈,시작
210,배트맨 비긴즈,다크
210,배트맨 비긴즈,비긴즈
210,배트맨 비긴즈,시리즈
210,배트맨 비긴즈,전설
210,배트맨 비긴즈,명작
214,쥬라기 월드,공룡
214,쥬라기 월드,쥐라기
214,쥬라기 월드,랩터
214,쥬라기 월드,공원
214,쥬라기 월드,중간
214,쥬라기 월드,전개
214,쥬라기 월드,개연
219,부산행,한국
219,부산행,억지
219,부산행,최악
219,부산행,마동석
219,부산행,공유
219,부산행,감동
221,귀멸의 칼날 극장판 무한열차편,고쿠
221,귀멸의 칼날 극장판 무한열차편,애니
221,귀멸의 칼날 극장판 무한열차편,눈물
221,귀멸의 칼날 극장판 무한열차편,인생
221,귀멸의 칼날 극장판 무한열차편,감동
226,맨 인 블랙 3,감동
226,맨 인 블랙 3,블랙
226,맨 인 블랙 3,시리즈
226,맨 인 블랙 3,액션
226,맨 인 블랙 3,나름
226,맨 인 블랙 3,반전
226,맨 인 블랙 3,스미
227,먼 훗날 우리,사랑
227,먼 훗날 우리,인생
227,먼 훗날 우리,여운
227,먼 훗날 우리,엔딩
227,먼 훗날 우리,눈물
227,먼 훗날 우리,가슴
227,먼 훗날 우리,마음
228,베이비 드라이버,음악
228,베이비 드라이버,액션
228,베이비 드라이버,베이비
228,베이비 드라이버,개연
228,베이비 드라이버,주인공
228,베이비 드라이버,전개
229,쥬만지: 새로운 세계,쥬만지
229,쥬만지: 새로운 세계,게임
229,쥬만지: 새로운 세계,블랙
229,쥬만지: 새로운 세계,유치
229,쥬만지: 새로운 세계,웃음
232,트랜스포머: 사라진 시대,트랜스포머
232,트랜스포머: 사라진 시대,옵티머스
232,트랜스포머: 사라진 시대,액션
232,트랜스포머: 사라진 시대,중국
232,트랜스포머: 사라진 시대,로봇
232,트랜스포머: 사라진 시대,프라임
232,트랜스포머: 사라진 시대,시리즈
237,헝거게임: 판엠의 불꽃,원작
237,헝거게임: 판엠의 불꽃,제니퍼
237,헝거게임: 판엠의 불꽃,로렌스
237,헝거게임: 판엠의 불꽃,배틀
237,헝거게임: 판엠의 불꽃,게임
243,나우 유 씨 미 2,마술
243,나우 유 씨 미 2,중국
243,나우 유 씨 미 2,억지
245,맨 인 블랙,외계인
245,맨 인 블랙,상상력
245,맨 인 블랙,블랙
245,맨 인 블랙,바퀴벌레
249,마이너리티 리포트,스필버그
249,마이너리티 리포트,스티븐
249,마이너리티 리포트,명작
249,마이너리티 리포트,작품
249,마이너리티 리포트,미래
249,마이너리티 리포트,크루
250,스타 트렉: 더 비기닝,스타
250,스타 트렉: 더 비기닝,시리즈
250,스타 트렉: 더 비기닝,우주
250,스타 트렉: 더 비기닝,다크니스
250,스타 트렉: 더 비기닝,스팍
256,섹스 앤 더 시티,드라마
256,섹스 앤 더 시티,여자
256,섹스 앤 더 시티,사랑
256,섹스 앤 더 시티,그녀
256,섹스 앤 더 시티,캐리
256,섹스 앤 더 시티,남자
258,쥬라기 공원,공룡
258,쥬라기 공원,당시
258,쥬라기 공원,쥐라기
258,쥬라기 공원,스필버그
258,쥬라기 공원,명작
258,쥬라기 공원,스티븐
258,쥬라기 공원,충격
30,노트북,사랑
30,노트북,인생
30,노트북,감동
30,노트북,레이첼
33,러브 액츄얼리,크리스마스
33,러브 액츄얼리,사랑
33,러브 액츄얼리,러브
33,러브 액츄얼리,감동
33,러브 액츄얼리,로맨스
63,인터스텔라,우주
63,인터스텔라,인터
63,인터스텔라,스텔라
63,인터스텔라,이해
63,인터스텔라,상상
63,인터스텔라,정도
63,인터스텔라,과학
101,노인을 위한 나라는 없다,안톤
101,노인을 위한 나라는 없다,하비에르
101,노인을 위한 나라는 없다,이해
101,노인을 위한 나라는 없다,긴장감
101,노인을 위한 나라는 없다,바르뎀
101,노인을 위한 나라는 없다,노인
101,노인을 위한 나라는 없다,스릴러
111,거인,최우식
111,거인,영재
111,거인,가슴
111,거인,마음
111,거인,현실
111,거인,거인
139,비포 선라이즈,사랑
139,비포 선라이즈,대화
139,비포 선라이즈,비포
139,비포 선라이즈,대사
139,비포 선라이즈,하루
139,비포 선라이즈,로맨스
139,비포 선라이즈,아름
147,악마를 보았다,최민식
147,악마를 보았다,이병헌
147,악마를 보았다,악마
147,악마를 보았다,한국
147,악마를 보았다,복수
147,악마를 보았다,소름
169,가디언즈,겨울
169,가디언즈,캐릭터
169,가디언즈,프로
169,가디언즈,애니메이션
225,엑시트,조정석
225,엑시트,윤아
225,엑시트,재난
225,엑시트,한국
225,엑시트,감동
225,엑시트,엑시트
230,더 킹,류준열
230,더 킹,조인성
230,더 킹,정우성
230,더 킹,시국
230,더 킹,연출
230,더 킹,캐릭터
